-- MySQL dump 10.13  Distrib 9.0.0, for macos14 (arm64)
--
-- Host: localhost    Database: stylish
-- ------------------------------------------------------
-- Server version	9.0.0

/*!40101 SET @OLD_CHARACTER_SET_CLIENT=@@CHARACTER_SET_CLIENT */;
/*!40101 SET @OLD_CHARACTER_SET_RESULTS=@@CHARACTER_SET_RESULTS */;
/*!40101 SET @OLD_COLLATION_CONNECTION=@@COLLATION_CONNECTION */;
/*!50503 SET NAMES utf8mb4 */;
/*!40103 SET @OLD_TIME_ZONE=@@TIME_ZONE */;
/*!40103 SET TIME_ZONE='+00:00' */;
/*!40014 SET @OLD_UNIQUE_CHECKS=@@UNIQUE_CHECKS, UNIQUE_CHECKS=0 */;
/*!40014 SET @OLD_FOREIGN_KEY_CHECKS=@@FOREIGN_KEY_CHECKS, FOREIGN_KEY_CHECKS=0 */;
/*!40101 SET @OLD_SQL_MODE=@@SQL_MODE, SQL_MODE='NO_AUTO_VALUE_ON_ZERO' */;
/*!40111 SET @OLD_SQL_NOTES=@@SQL_NOTES, SQL_NOTES=0 */;

--
-- Table structure for table `campaigns`
--

DROP TABLE IF EXISTS `campaigns`;
/*!40101 SET @saved_cs_client     = @@character_set_client */;
/*!50503 SET character_set_client = utf8mb4 */;
CREATE TABLE `campaigns` (
  `id` bigint unsigned NOT NULL AUTO_INCREMENT,
  `product_id` bigint unsigned NOT NULL,
  `picture` varchar(255) DEFAULT NULL,
  `story` text,
  `content` text,
  `release_date` date DEFAULT NULL,
  `close_date` date DEFAULT NULL,
  PRIMARY KEY (`id`),
  UNIQUE KEY `uk_product_id` (`product_id`)
) ENGINE=InnoDB AUTO_INCREMENT=4 DEFAULT CHARSET=utf8mb4 COLLATE=utf8mb4_0900_ai_ci;
/*!40101 SET character_set_client = @saved_cs_client */;

--
-- Dumping data for table `campaigns`
--

LOCK TABLES `campaigns` WRITE;
/*!40000 ALTER TABLE `campaigns` DISABLE KEYS */;
INSERT INTO `campaigns` VALUES (1,2,'https://stylish-matcha.s3.ap-northeast-3.amazonaws.com/9e301d2849e443b0b446c4e181ee72d4.jpg','印象《都會故事集》','瞬間 \\n 在城市的角落 \\n 找到失落多時的記憶。',NULL,NULL),(2,8,'https://stylish-matcha.s3.ap-northeast-3.amazonaws.com/1383a2df87ea49228b4a6bda7fa0948e.jpg','復古《再一次經典》','永遠 \\n 展現自信與專業 \\n 無法抵擋的男人魅力。',NULL,NULL),(3,9,'https://stylish-matcha.s3.ap-northeast-3.amazonaws.com/f99681b9aa864111a3744796ba643251.jpg','不朽《與自己和好如初》','於是 \\n 我也想要給你 \\n 一個那麼美好的自己。',NULL,NULL);
/*!40000 ALTER TABLE `campaigns` ENABLE KEYS */;
UNLOCK TABLES;

--
-- Table structure for table `categories`
--

DROP TABLE IF EXISTS `categories`;
/*!40101 SET @saved_cs_client     = @@character_set_client */;
/*!50503 SET character_set_client = utf8mb4 */;
CREATE TABLE `categories` (
  `id` int unsigned NOT NULL AUTO_INCREMENT,
  `name` varchar(255) NOT NULL,
  PRIMARY KEY (`id`)
) ENGINE=InnoDB DEFAULT CHARSET=utf8mb4 COLLATE=utf8mb4_0900_ai_ci;
/*!40101 SET character_set_client = @saved_cs_client */;

--
-- Dumping data for table `categories`
--

LOCK TABLES `categories` WRITE;
/*!40000 ALTER TABLE `categories` DISABLE KEYS */;
/*!40000 ALTER TABLE `categories` ENABLE KEYS */;
UNLOCK TABLES;

--
-- Table structure for table `colors`
--

DROP TABLE IF EXISTS `colors`;
/*!40101 SET @saved_cs_client     = @@character_set_client */;
/*!50503 SET character_set_client = utf8mb4 */;
CREATE TABLE `colors` (
  `name` varchar(255) NOT NULL,
  `code` varchar(6) NOT NULL,
  PRIMARY KEY (`code`)
) ENGINE=InnoDB DEFAULT CHARSET=utf8mb4 COLLATE=utf8mb4_0900_ai_ci;
/*!40101 SET character_set_client = @saved_cs_client */;

--
-- Dumping data for table `colors`
--

LOCK TABLES `colors` WRITE;
/*!40000 ALTER TABLE `colors` DISABLE KEYS */;
INSERT INTO `colors` VALUES ('深藍','334455'),('淺棕','bb7744'),('淺灰','cccccc'),('淺藍','ddf0ff'),('亮綠','ddffbb'),('粉紅','ffdddd'),('白色','ffffff');
/*!40000 ALTER TABLE `colors` ENABLE KEYS */;
UNLOCK TABLES;

--
-- Table structure for table `order_items`
--

DROP TABLE IF EXISTS `order_items`;
/*!40101 SET @saved_cs_client     = @@character_set_client */;
/*!50503 SET character_set_client = utf8mb4 */;
CREATE TABLE `order_items` (
  `order_item_id` int NOT NULL AUTO_INCREMENT,
  `order_id` int DEFAULT NULL,
  `product_id` varchar(20) DEFAULT NULL,
  `quantity` int DEFAULT NULL,
  `variant_id` bigint DEFAULT NULL,
  PRIMARY KEY (`order_item_id`)
) ENGINE=InnoDB AUTO_INCREMENT=67 DEFAULT CHARSET=utf8mb4 COLLATE=utf8mb4_0900_ai_ci;
/*!40101 SET character_set_client = @saved_cs_client */;

--
-- Dumping data for table `order_items`
--

LOCK TABLES `order_items` WRITE;
/*!40000 ALTER TABLE `order_items` DISABLE KEYS */;
INSERT INTO `order_items` VALUES (7,10,'1',1,4),(14,17,'1',1,4),(23,26,'1',1,4),(24,27,'1',1,4),(25,28,'1',1,4),(26,29,'1',1,4),(27,30,'1',1,4),(28,31,'1',1,4),(32,35,'1',1,4),(33,36,'1',1,9),(34,37,'1',1,9),(35,38,'1',1,9),(36,39,'1',1,9),(37,40,'1',1,9),(38,41,'1',1,9),(39,42,'1',1,9),(40,43,'1',1,9),(41,44,'1',1,9),(42,45,'1',1,9),(43,46,'1',1,9),(44,47,'1',1,9),(45,48,'1',1,9),(46,49,'1',1,9),(47,50,'1',1,9),(48,51,'1',1,9),(49,52,'2',1,14),(50,53,'2',1,14),(51,54,'2',1,14),(52,55,'2',1,14),(53,56,'2',1,14),(54,57,'2',1,14),(55,58,'2',1,12),(56,66,'1',1,9),(57,67,'1',1,7),(58,68,'1',1,7),(59,70,'1',1,7),(60,77,'1',1,9),(61,78,'1',1,9),(62,79,'1',1,9),(63,80,'1',1,9),(64,81,'1',1,9),(65,82,'1',1,9),(66,83,'1',1,9);
/*!40000 ALTER TABLE `order_items` ENABLE KEYS */;
UNLOCK TABLES;

--
-- Table structure for table `orders`
--

DROP TABLE IF EXISTS `orders`;
/*!40101 SET @saved_cs_client     = @@character_set_client */;
/*!50503 SET character_set_client = utf8mb4 */;
CREATE TABLE `orders` (
  `order_id` int NOT NULL AUTO_INCREMENT,
  `shipping` varchar(50) DEFAULT NULL,
  `payment` varchar(50) DEFAULT NULL,
  `subtotal` decimal(10,2) DEFAULT NULL,
  `freight` decimal(10,2) DEFAULT NULL,
  `total` decimal(10,2) DEFAULT NULL,
  `recipient_id` int DEFAULT NULL,
  `status` tinyint NOT NULL DEFAULT '0',
  `timestamp` timestamp NULL DEFAULT CURRENT_TIMESTAMP,
  `user_id` bigint unsigned DEFAULT NULL,
  PRIMARY KEY (`order_id`)
) ENGINE=InnoDB AUTO_INCREMENT=1195 DEFAULT CHARSET=utf8mb4 COLLATE=utf8mb4_0900_ai_ci;
/*!40101 SET character_set_client = @saved_cs_client */;

--
-- Dumping data for table `orders`
--

LOCK TABLES `orders` WRITE;
/*!40000 ALTER TABLE `orders` DISABLE KEYS */;
INSERT INTO `orders` VALUES (1,'Express','Bank Transfer',578.70,28.73,607.43,NULL,2,'2024-05-29 21:25:43',1),(2,'Express','Bank Transfer',902.18,21.87,924.05,NULL,1,'2023-10-25 11:27:35',4),(3,'Express','PayPal',853.32,23.32,876.64,NULL,4,'2024-07-28 22:39:06',5),(4,'Standard','Credit Card',126.57,18.42,144.99,NULL,4,'2024-04-10 20:23:59',2),(5,'Express','Bank Transfer',115.91,27.24,143.15,NULL,0,'2024-05-27 15:54:35',3),(6,'Express','PayPal',806.67,21.96,828.63,NULL,3,'2023-09-29 16:37:08',4),(7,'Standard','PayPal',560.56,22.98,583.54,NULL,3,'2024-06-02 02:02:13',4),(8,'Overnight','Bank Transfer',715.39,21.58,736.97,NULL,1,'2024-03-15 11:03:21',2),(9,'Standard','PayPal',664.81,5.19,670.00,NULL,0,'2023-08-25 00:29:53',4),(10,'Standard','Bank Transfer',612.78,13.61,626.39,NULL,2,'2024-03-07 14:24:54',5),(11,'Express','Bank Transfer',601.55,26.00,627.55,NULL,1,'2023-12-08 02:38:18',5),(12,'Standard','PayPal',669.15,9.03,678.18,NULL,4,'2024-02-05 08:01:15',4),(13,'Standard','Credit Card',365.94,24.82,390.76,NULL,4,'2023-08-12 01:38:03',1),(14,'Express','Bank Transfer',326.30,26.07,352.37,NULL,4,'2023-11-05 23:38:01',2),(15,'Standard','PayPal',745.35,8.71,754.06,NULL,4,'2023-10-22 02:36:57',2),(16,'Overnight','PayPal',626.82,16.31,643.13,NULL,2,'2024-04-20 15:09:30',2),(17,'Standard','Bank Transfer',90.80,27.17,117.97,NULL,0,'2023-12-17 00:38:08',4),(18,'Standard','Credit Card',904.82,15.17,919.99,NULL,4,'2024-08-02 07:54:21',3),(19,'Express','PayPal',856.71,13.60,870.31,NULL,5,'2023-12-01 22:15:19',4),(20,'Overnight','Bank Transfer',460.39,28.91,489.30,NULL,5,'2024-03-04 15:20:36',3),(21,'Standard','Bank Transfer',332.04,21.19,353.23,NULL,5,'2024-05-17 10:36:20',5),(22,'Express','Bank Transfer',464.35,26.17,490.52,NULL,1,'2023-08-13 18:49:42',2),(23,'Overnight','Bank Transfer',287.53,5.01,292.54,NULL,4,'2024-03-22 10:22:32',3),(24,'Overnight','Credit Card',908.95,23.27,932.22,NULL,0,'2024-05-19 23:18:57',1),(25,'Overnight','Bank Transfer',344.68,28.54,373.22,NULL,5,'2023-09-26 03:34:01',5),(26,'Overnight','Bank Transfer',150.32,15.65,165.97,NULL,0,'2024-06-06 01:40:47',4),(27,'Express','Credit Card',563.88,29.61,593.49,NULL,4,'2023-10-13 11:46:34',1),(28,'Standard','Credit Card',439.47,11.93,451.40,NULL,3,'2024-05-31 00:11:11',5),(29,'Overnight','PayPal',772.89,5.79,778.68,NULL,0,'2023-11-03 13:01:58',1),(30,'Overnight','Credit Card',932.54,27.26,959.80,NULL,1,'2023-09-28 11:58:26',5),(31,'Overnight','PayPal',400.38,15.07,415.45,NULL,0,'2024-04-08 10:34:22',4),(32,'Overnight','Credit Card',802.34,18.91,821.25,NULL,0,'2023-09-23 21:13:19',1),(33,'Standard','PayPal',132.13,23.41,155.54,NULL,0,'2024-08-02 09:04:54',3),(34,'Express','Credit Card',716.47,14.01,730.48,NULL,5,'2024-05-12 11:57:21',3),(35,'Standard','Credit Card',599.78,16.55,616.33,NULL,4,'2023-12-02 20:57:53',4),(36,'Overnight','Credit Card',713.96,17.63,731.59,NULL,0,'2024-05-06 12:09:09',4),(37,'Overnight','Bank Transfer',95.89,8.46,104.35,NULL,5,'2024-01-17 15:04:01',4),(38,'Overnight','Credit Card',295.47,6.37,301.84,NULL,4,'2024-01-10 14:19:17',2),(39,'Overnight','PayPal',439.52,16.26,455.78,NULL,2,'2024-05-24 20:51:36',5),(40,'Standard','Bank Transfer',86.44,24.89,111.33,NULL,2,'2023-09-18 10:15:00',1),(41,'Express','Credit Card',104.74,28.63,133.37,NULL,0,'2023-10-25 19:07:25',5),(42,'Standard','PayPal',314.80,16.79,331.59,NULL,2,'2023-10-13 21:16:06',3),(43,'Standard','Credit Card',606.16,8.64,614.80,NULL,2,'2024-03-06 23:40:12',2),(44,'Express','PayPal',334.45,6.71,341.16,NULL,0,'2023-09-19 18:29:08',3),(45,'Overnight','Credit Card',624.81,5.46,630.27,NULL,2,'2024-02-24 14:10:43',5),(46,'Overnight','PayPal',205.69,10.84,216.53,NULL,5,'2023-09-11 15:37:14',5),(47,'Express','PayPal',212.67,9.40,222.07,NULL,3,'2023-12-17 11:46:40',1),(48,'Overnight','Credit Card',764.89,5.53,770.42,NULL,4,'2024-03-03 07:04:25',4),(49,'Standard','Credit Card',691.36,14.65,706.01,NULL,5,'2024-02-24 16:08:32',1),(50,'Overnight','PayPal',875.48,7.70,883.18,NULL,0,'2023-09-01 08:58:47',3),(51,'Standard','Bank Transfer',519.59,13.21,532.80,NULL,3,'2024-01-11 18:24:23',1),(52,'Overnight','Bank Transfer',636.59,22.34,658.93,NULL,2,'2023-10-24 13:49:33',4),(53,'Express','Credit Card',260.02,6.44,266.46,NULL,4,'2024-01-08 15:18:32',2),(54,'Overnight','Bank Transfer',204.21,6.88,211.09,NULL,4,'2023-12-15 08:35:24',2),(55,'Standard','Bank Transfer',473.55,23.15,496.70,NULL,2,'2023-12-26 18:26:09',1),(56,'Express','Bank Transfer',825.49,29.87,855.36,NULL,1,'2024-06-26 22:31:31',1),(57,'Express','Bank Transfer',686.15,17.29,703.44,NULL,0,'2023-08-24 09:22:29',5),(58,'Standard','Credit Card',512.16,15.99,528.15,NULL,4,'2024-03-25 14:55:48',2),(59,'Overnight','Credit Card',172.29,29.81,202.10,NULL,3,'2023-09-01 02:03:28',5),(60,'Overnight','PayPal',901.46,9.24,910.70,NULL,5,'2024-05-25 11:01:43',4),(61,'Express','Credit Card',949.02,17.22,966.24,NULL,4,'2024-04-08 17:06:31',2),(62,'Standard','Credit Card',564.77,25.72,590.49,NULL,1,'2024-02-21 22:23:11',2),(63,'Standard','Credit Card',851.45,21.79,873.24,NULL,3,'2023-08-17 13:37:41',2),(64,'Standard','Bank Transfer',443.23,29.35,472.58,NULL,1,'2024-06-11 16:47:51',3),(65,'Standard','PayPal',244.77,13.39,258.16,NULL,2,'2023-09-11 02:44:05',2),(66,'Standard','Credit Card',859.13,19.24,878.37,NULL,3,'2024-01-04 21:42:08',2),(67,'Standard','Bank Transfer',227.27,7.77,235.04,NULL,5,'2023-12-24 02:35:39',3),(68,'Express','Credit Card',503.93,14.95,518.88,NULL,3,'2023-12-07 16:10:59',1),(69,'Standard','Bank Transfer',211.29,11.34,222.63,NULL,5,'2024-02-29 05:45:45',1),(70,'Standard','Credit Card',948.88,26.05,974.93,NULL,0,'2023-10-12 17:59:53',5),(71,'Overnight','Credit Card',119.39,25.61,145.00,NULL,3,'2023-10-31 21:04:31',2),(72,'Overnight','PayPal',382.05,14.97,397.02,NULL,0,'2024-05-27 18:59:52',4),(73,'Overnight','Credit Card',161.75,19.87,181.62,NULL,2,'2023-09-03 16:39:16',3),(74,'Standard','Credit Card',827.94,16.64,844.58,NULL,2,'2024-07-20 02:00:10',3),(75,'Standard','Credit Card',445.20,17.23,462.43,NULL,0,'2023-11-25 09:37:22',5),(76,'Standard','Credit Card',607.53,27.42,634.95,NULL,1,'2023-10-02 11:03:36',1),(77,'Express','Bank Transfer',750.42,17.38,767.80,NULL,2,'2024-04-16 15:16:54',1),(78,'Overnight','Credit Card',322.57,9.25,331.82,NULL,0,'2023-10-25 03:12:27',1),(79,'Express','PayPal',756.21,17.22,773.43,NULL,1,'2024-01-31 01:42:04',5),(80,'Standard','Bank Transfer',630.73,12.09,642.82,NULL,5,'2024-01-09 01:50:35',3),(81,'Standard','PayPal',456.39,17.10,473.49,NULL,1,'2024-01-29 02:46:54',1),(82,'Standard','Bank Transfer',606.50,5.69,612.19,NULL,4,'2024-04-30 14:03:56',1),(83,'Overnight','Bank Transfer',891.73,14.80,906.53,NULL,2,'2024-07-03 05:29:05',5),(84,'Express','Credit Card',430.92,26.55,457.47,NULL,3,'2024-03-29 00:50:56',4),(85,'Express','Credit Card',680.44,15.48,695.92,NULL,5,'2023-10-20 22:19:39',4),(86,'Express','Bank Transfer',644.04,24.02,668.06,NULL,0,'2023-11-18 15:06:58',3),(87,'Express','Bank Transfer',526.43,24.42,550.85,NULL,0,'2024-03-28 05:17:31',3),(88,'Standard','Credit Card',699.66,17.18,716.84,NULL,1,'2024-01-06 05:59:18',2),(89,'Standard','PayPal',247.86,19.96,267.82,NULL,1,'2024-08-04 02:43:19',1),(90,'Overnight','PayPal',172.82,25.30,198.12,NULL,2,'2023-08-31 10:43:21',3),(91,'Express','PayPal',913.69,18.24,931.93,NULL,3,'2024-01-24 17:24:21',5),(92,'Overnight','PayPal',254.68,17.28,271.96,NULL,4,'2024-04-11 04:36:33',3),(93,'Overnight','Credit Card',100.17,16.37,116.54,NULL,4,'2024-07-13 01:28:39',5),(94,'Express','PayPal',334.04,27.43,361.47,NULL,3,'2024-05-08 21:19:20',5),(95,'Overnight','Bank Transfer',242.49,27.25,269.74,NULL,1,'2024-04-10 09:16:16',3),(96,'Overnight','Credit Card',881.41,13.81,895.22,NULL,0,'2023-09-02 21:19:13',4),(97,'Standard','PayPal',906.36,14.47,920.83,NULL,4,'2024-08-03 05:25:12',3),(98,'Express','Bank Transfer',464.16,18.53,482.69,NULL,4,'2023-12-13 23:01:54',2),(99,'Express','PayPal',122.02,19.94,141.96,NULL,0,'2023-11-02 12:36:46',4),(100,'Standard','Credit Card',752.23,10.81,763.04,NULL,3,'2024-01-17 04:32:10',2),(101,'Express','Bank Transfer',821.02,6.81,827.83,NULL,3,'2024-04-17 17:47:54',2),(102,'Overnight','PayPal',661.47,6.36,667.83,NULL,3,'2024-05-21 07:18:11',5),(103,'Overnight','Bank Transfer',839.30,22.55,861.85,NULL,2,'2024-01-18 07:32:26',4),(104,'Express','PayPal',692.23,24.24,716.47,NULL,5,'2024-04-14 13:17:43',5),(105,'Standard','Bank Transfer',248.71,29.41,278.12,NULL,5,'2024-07-17 01:17:29',5),(106,'Standard','Bank Transfer',670.49,7.48,677.97,NULL,3,'2024-07-24 06:11:59',5),(107,'Standard','Credit Card',605.32,24.72,630.04,NULL,0,'2024-05-22 00:18:29',1),(108,'Standard','PayPal',764.11,9.58,773.69,NULL,4,'2024-06-26 18:11:32',1),(109,'Express','Bank Transfer',863.48,14.72,878.20,NULL,1,'2024-02-08 07:18:15',5),(110,'Express','PayPal',441.24,9.18,450.42,NULL,5,'2024-06-12 18:26:57',4),(111,'Express','Credit Card',713.29,9.65,722.94,NULL,5,'2024-05-11 14:43:42',5),(112,'Standard','Credit Card',616.11,13.02,629.13,NULL,3,'2023-11-05 19:46:37',2),(113,'Standard','PayPal',761.26,5.94,767.20,NULL,2,'2024-02-03 06:56:10',5),(114,'Standard','Bank Transfer',225.23,15.69,240.92,NULL,3,'2024-06-17 11:13:52',3),(115,'Express','Bank Transfer',228.73,13.96,242.69,NULL,5,'2024-02-08 16:13:46',4),(116,'Overnight','Credit Card',663.43,23.37,686.80,NULL,2,'2024-02-20 00:03:51',5),(117,'Overnight','PayPal',357.29,6.99,364.28,NULL,2,'2024-04-11 04:46:02',5),(118,'Express','Credit Card',730.27,11.84,742.11,NULL,3,'2023-11-11 23:43:57',1),(119,'Express','Credit Card',930.18,17.55,947.73,NULL,3,'2024-02-03 01:36:42',2),(120,'Express','PayPal',943.99,29.45,973.44,NULL,5,'2024-07-05 04:19:32',3),(121,'Standard','PayPal',741.85,16.65,758.50,NULL,3,'2023-10-09 09:32:23',5),(122,'Overnight','PayPal',773.56,26.14,799.70,NULL,5,'2024-03-06 11:56:35',5),(123,'Overnight','Credit Card',604.27,23.53,627.80,NULL,4,'2024-06-28 03:20:02',4),(124,'Overnight','Bank Transfer',333.17,6.52,339.69,NULL,0,'2023-11-21 06:01:06',5),(125,'Overnight','Bank Transfer',554.95,6.32,561.27,NULL,1,'2023-09-20 16:05:43',1),(126,'Standard','Bank Transfer',537.70,9.11,546.81,NULL,0,'2024-01-07 11:32:08',1),(127,'Standard','Credit Card',733.79,24.58,758.37,NULL,0,'2024-05-15 02:43:39',2),(128,'Standard','Bank Transfer',626.29,11.83,638.12,NULL,0,'2024-05-27 01:10:04',1),(129,'Overnight','Credit Card',633.77,27.26,661.03,NULL,3,'2023-11-29 15:41:53',5),(130,'Standard','PayPal',144.25,26.39,170.64,NULL,4,'2024-03-16 16:11:51',1),(131,'Express','Credit Card',313.35,27.18,340.53,NULL,3,'2024-03-14 23:11:49',4),(132,'Standard','Bank Transfer',499.16,21.35,520.51,NULL,3,'2023-12-21 18:54:38',1),(133,'Standard','Credit Card',578.88,18.40,597.28,NULL,3,'2024-03-01 20:21:38',1),(134,'Express','PayPal',904.16,21.74,925.90,NULL,0,'2023-10-22 13:05:28',2),(135,'Express','PayPal',168.68,29.01,197.69,NULL,4,'2024-07-16 21:14:34',1),(136,'Overnight','Bank Transfer',874.44,19.01,893.45,NULL,0,'2023-12-17 02:55:45',5),(137,'Express','Bank Transfer',214.19,13.26,227.45,NULL,5,'2023-11-12 01:45:43',2),(138,'Express','Bank Transfer',137.53,15.66,153.19,NULL,0,'2024-08-03 20:40:44',3),(139,'Standard','PayPal',861.12,22.98,884.10,NULL,3,'2024-08-05 00:55:16',4),(140,'Express','Credit Card',184.05,13.49,197.54,NULL,4,'2023-09-20 00:43:02',2),(141,'Standard','PayPal',869.56,25.67,895.23,NULL,3,'2023-10-21 04:39:17',2),(142,'Overnight','Bank Transfer',754.17,22.42,776.59,NULL,0,'2024-05-29 23:20:18',1),(143,'Express','PayPal',291.45,14.64,306.09,NULL,5,'2024-07-20 13:47:48',4),(144,'Overnight','Bank Transfer',110.80,10.07,120.87,NULL,0,'2024-03-01 07:31:45',2),(145,'Express','Credit Card',163.30,26.74,190.04,NULL,5,'2023-11-26 03:01:36',4),(146,'Overnight','Credit Card',862.94,14.64,877.58,NULL,3,'2023-10-24 05:18:22',5),(147,'Standard','PayPal',478.99,21.21,500.20,NULL,3,'2024-02-07 21:17:32',4),(148,'Overnight','Bank Transfer',813.76,5.37,819.13,NULL,3,'2024-05-08 16:20:39',4),(149,'Express','PayPal',208.09,24.30,232.39,NULL,1,'2023-08-15 03:13:30',3),(150,'Standard','Bank Transfer',526.85,5.46,532.31,NULL,5,'2024-03-25 06:23:27',1),(151,'Express','Bank Transfer',682.05,5.58,687.63,NULL,3,'2024-04-15 04:43:36',2),(152,'Overnight','PayPal',617.20,28.37,645.57,NULL,1,'2023-12-18 09:52:41',5),(153,'Express','Credit Card',610.67,7.64,618.31,NULL,5,'2023-12-21 16:19:30',5),(154,'Overnight','Bank Transfer',802.75,23.77,826.52,NULL,0,'2024-02-10 00:38:06',2),(155,'Express','PayPal',561.03,22.61,583.64,NULL,1,'2024-03-03 10:16:33',2),(156,'Standard','Bank Transfer',558.65,13.59,572.24,NULL,2,'2024-05-10 08:02:23',3),(157,'Overnight','Bank Transfer',91.10,21.92,113.02,NULL,1,'2024-08-05 12:59:22',1),(158,'Express','PayPal',634.38,7.88,642.26,NULL,0,'2024-05-10 16:36:35',4),(159,'Standard','Credit Card',504.52,20.20,524.72,NULL,0,'2023-09-29 20:00:56',1),(160,'Overnight','Credit Card',631.69,26.01,657.70,NULL,5,'2023-10-29 11:37:07',1),(161,'Express','Bank Transfer',694.18,16.57,710.75,NULL,2,'2023-11-26 19:01:43',3),(162,'Standard','Bank Transfer',226.14,14.51,240.65,NULL,1,'2023-10-31 15:41:55',1),(163,'Standard','PayPal',782.37,6.17,788.54,NULL,0,'2024-02-04 14:28:41',3),(164,'Overnight','Bank Transfer',423.87,6.89,430.76,NULL,4,'2023-08-16 01:23:35',3),(165,'Express','PayPal',743.64,19.56,763.20,NULL,1,'2023-11-26 07:19:23',5),(166,'Overnight','Credit Card',170.67,14.14,184.81,NULL,5,'2024-01-17 01:41:42',3),(167,'Standard','Bank Transfer',472.64,28.87,501.51,NULL,4,'2023-09-14 22:51:23',4),(168,'Express','Credit Card',761.26,29.20,790.46,NULL,0,'2023-09-22 11:41:36',3),(169,'Overnight','Credit Card',426.01,11.33,437.34,NULL,3,'2024-01-08 00:38:37',4),(170,'Express','PayPal',815.94,5.51,821.45,NULL,4,'2024-02-15 19:24:05',4),(171,'Express','PayPal',329.96,22.75,352.71,NULL,5,'2024-06-08 05:28:56',3),(172,'Express','Bank Transfer',369.36,24.98,394.34,NULL,5,'2024-06-27 10:18:53',5),(173,'Overnight','Bank Transfer',138.31,17.00,155.31,NULL,4,'2024-01-17 17:20:49',5),(174,'Express','Credit Card',484.72,18.19,502.91,NULL,2,'2023-09-30 10:52:46',1),(175,'Standard','PayPal',873.02,26.95,899.97,NULL,0,'2024-07-09 11:37:55',4),(176,'Express','Credit Card',296.59,14.74,311.33,NULL,4,'2023-10-13 10:09:38',5),(177,'Express','Credit Card',476.38,9.37,485.75,NULL,1,'2023-12-08 12:19:28',3),(178,'Standard','PayPal',368.60,7.25,375.85,NULL,0,'2024-05-28 09:40:49',4),(179,'Express','Bank Transfer',604.22,22.89,627.11,NULL,4,'2024-03-26 13:08:46',2),(180,'Overnight','PayPal',855.65,25.71,881.36,NULL,5,'2023-11-14 06:42:33',4),(181,'Standard','Credit Card',453.53,7.27,460.80,NULL,3,'2024-01-16 11:38:25',1),(182,'Overnight','Bank Transfer',348.77,14.63,363.40,NULL,1,'2024-02-04 20:39:08',5),(183,'Standard','Bank Transfer',581.48,8.06,589.54,NULL,3,'2024-07-25 02:01:44',1),(184,'Overnight','Bank Transfer',113.57,16.05,129.62,NULL,5,'2024-03-24 17:20:36',3),(185,'Express','PayPal',350.90,21.80,372.70,NULL,3,'2024-05-11 19:55:28',4),(186,'Standard','Credit Card',177.41,18.84,196.25,NULL,5,'2024-05-09 22:00:01',2),(187,'Standard','Bank Transfer',490.07,14.96,505.03,NULL,5,'2024-08-09 19:22:39',3),(188,'Standard','Credit Card',152.12,10.97,163.09,NULL,0,'2023-09-22 10:54:57',4),(189,'Standard','Credit Card',759.52,21.11,780.63,NULL,1,'2024-06-01 10:20:00',3),(190,'Standard','Credit Card',491.41,16.09,507.50,NULL,3,'2023-08-24 11:59:12',1),(191,'Overnight','PayPal',452.99,25.67,478.66,NULL,1,'2024-01-08 16:04:46',3),(192,'Express','Bank Transfer',838.81,15.27,854.08,NULL,0,'2023-12-15 13:08:57',1),(193,'Express','PayPal',379.62,6.74,386.36,NULL,0,'2023-12-03 12:03:17',3),(194,'Standard','Credit Card',932.16,27.87,960.03,NULL,3,'2024-07-15 09:35:16',1),(195,'Express','Bank Transfer',267.68,7.92,275.60,NULL,5,'2023-11-17 00:19:13',3),(196,'Express','Bank Transfer',147.18,7.45,154.63,NULL,5,'2023-10-09 12:44:39',2),(197,'Express','Bank Transfer',256.51,6.42,262.93,NULL,2,'2024-03-20 03:08:20',5),(198,'Standard','PayPal',555.79,21.40,577.19,NULL,3,'2024-03-15 17:23:56',1),(199,'Overnight','PayPal',166.38,25.26,191.64,NULL,5,'2024-03-04 09:49:43',5),(200,'Express','Bank Transfer',581.70,28.28,609.98,NULL,3,'2024-03-14 04:34:30',1),(201,'Express','Credit Card',603.95,8.37,612.32,NULL,5,'2023-10-10 04:41:21',3),(202,'Express','Credit Card',315.93,22.43,338.36,NULL,0,'2024-02-29 21:14:46',1),(203,'Express','Credit Card',513.44,20.74,534.18,NULL,5,'2024-06-13 22:29:09',5),(204,'Express','PayPal',129.99,11.63,141.62,NULL,0,'2024-02-02 13:29:58',2),(205,'Standard','PayPal',350.56,26.26,376.82,NULL,2,'2024-06-26 11:55:57',1),(206,'Standard','PayPal',213.87,28.81,242.68,NULL,1,'2024-03-02 05:04:04',4),(207,'Express','Credit Card',642.55,5.93,648.48,NULL,4,'2023-12-18 09:39:13',2),(208,'Standard','PayPal',803.27,18.89,822.16,NULL,4,'2024-03-05 02:10:30',5),(209,'Express','Credit Card',508.89,25.46,534.35,NULL,3,'2024-04-14 02:33:14',5),(210,'Express','Credit Card',351.49,14.78,366.27,NULL,5,'2024-04-08 05:57:51',5),(211,'Standard','Credit Card',503.02,15.90,518.92,NULL,3,'2023-12-23 18:57:28',5),(212,'Standard','Bank Transfer',829.90,29.95,859.85,NULL,0,'2024-06-18 15:03:44',4),(213,'Express','Credit Card',414.93,13.01,427.94,NULL,2,'2024-05-27 19:06:41',3),(214,'Standard','Bank Transfer',473.61,27.04,500.65,NULL,5,'2023-09-03 11:20:38',5),(215,'Overnight','Bank Transfer',330.27,12.97,343.24,NULL,3,'2023-11-22 17:44:23',4),(216,'Standard','PayPal',731.62,16.63,748.25,NULL,3,'2023-10-28 13:17:10',1),(217,'Standard','Credit Card',178.98,20.88,199.86,NULL,2,'2023-12-22 16:05:25',1),(218,'Express','Bank Transfer',702.05,12.26,714.31,NULL,4,'2023-10-09 03:15:46',1),(219,'Standard','Bank Transfer',370.15,14.85,385.00,NULL,1,'2024-06-14 23:14:32',2),(220,'Overnight','PayPal',735.60,28.28,763.88,NULL,3,'2024-02-28 12:28:26',3),(221,'Overnight','PayPal',619.52,13.08,632.60,NULL,3,'2024-05-08 14:01:54',1),(222,'Standard','Credit Card',940.92,20.57,961.49,NULL,3,'2024-04-27 16:14:16',3),(223,'Overnight','PayPal',901.51,5.06,906.57,NULL,1,'2024-04-05 06:05:25',4),(224,'Express','Bank Transfer',932.59,26.34,958.93,NULL,3,'2024-06-19 03:41:21',2),(225,'Standard','Credit Card',683.91,20.55,704.46,NULL,1,'2024-05-22 22:33:32',3),(226,'Standard','Bank Transfer',583.60,17.69,601.29,NULL,2,'2024-03-26 16:13:38',3),(227,'Express','Credit Card',245.80,17.23,263.03,NULL,1,'2023-12-27 07:04:50',1),(228,'Overnight','PayPal',935.76,20.53,956.29,NULL,2,'2023-09-08 05:32:01',4),(229,'Standard','Bank Transfer',248.14,14.28,262.42,NULL,4,'2024-01-27 13:30:17',4),(230,'Standard','PayPal',753.93,13.84,767.77,NULL,0,'2024-05-12 13:25:29',2),(231,'Express','Credit Card',154.77,6.75,161.52,NULL,4,'2024-05-31 02:56:53',1),(232,'Standard','Credit Card',303.71,19.68,323.39,NULL,0,'2023-10-29 14:29:05',2),(233,'Express','Bank Transfer',185.57,15.20,200.77,NULL,0,'2024-07-29 06:06:28',2),(234,'Standard','Credit Card',914.70,28.61,943.31,NULL,1,'2024-04-19 16:00:50',5),(235,'Standard','Credit Card',834.51,23.22,857.73,NULL,4,'2023-08-26 03:01:07',2),(236,'Express','PayPal',852.85,19.68,872.53,NULL,2,'2023-12-17 18:07:55',4),(237,'Standard','Credit Card',197.82,9.83,207.65,NULL,0,'2023-10-08 15:45:41',2),(238,'Overnight','Bank Transfer',897.73,28.79,926.52,NULL,5,'2023-08-16 03:57:29',1),(239,'Standard','Bank Transfer',231.15,15.62,246.77,NULL,5,'2024-01-04 16:27:59',4),(240,'Overnight','Credit Card',682.47,10.18,692.65,NULL,4,'2023-11-12 10:43:46',1),(241,'Standard','Bank Transfer',320.29,9.91,330.20,NULL,0,'2024-01-27 00:57:58',3),(242,'Express','Bank Transfer',330.38,29.02,359.40,NULL,4,'2023-09-13 17:29:14',2),(243,'Express','PayPal',680.23,11.70,691.93,NULL,2,'2024-03-05 19:51:31',4),(244,'Standard','PayPal',331.68,14.04,345.72,NULL,0,'2023-09-27 05:43:58',5),(245,'Standard','PayPal',833.93,6.63,840.56,NULL,2,'2023-11-12 21:26:44',4),(246,'Standard','Bank Transfer',573.04,15.27,588.31,NULL,2,'2024-08-06 11:42:53',2),(247,'Overnight','PayPal',863.53,27.42,890.95,NULL,0,'2024-06-02 12:35:11',1),(248,'Express','Bank Transfer',386.95,22.18,409.13,NULL,0,'2023-12-30 15:33:38',4),(249,'Express','Bank Transfer',898.09,27.38,925.47,NULL,5,'2024-05-29 15:25:55',1),(250,'Overnight','Credit Card',536.56,23.82,560.38,NULL,4,'2024-06-25 15:42:49',4),(251,'Standard','Bank Transfer',652.52,8.69,661.21,NULL,0,'2023-12-26 18:11:18',1),(252,'Overnight','Bank Transfer',616.66,7.24,623.90,NULL,4,'2023-11-22 08:43:33',3),(253,'Express','PayPal',480.79,18.55,499.34,NULL,3,'2024-07-02 17:55:06',2),(254,'Express','Bank Transfer',410.00,20.55,430.55,NULL,2,'2023-11-26 20:47:38',1),(255,'Overnight','PayPal',286.67,7.30,293.97,NULL,5,'2023-09-27 13:54:01',2),(256,'Express','Credit Card',863.76,11.54,875.30,NULL,1,'2024-07-16 16:45:47',2),(257,'Standard','PayPal',628.05,14.26,642.31,NULL,4,'2023-11-01 06:15:11',5),(258,'Standard','Bank Transfer',463.86,14.94,478.80,NULL,2,'2023-11-20 02:02:58',1),(259,'Express','Bank Transfer',330.36,28.17,358.53,NULL,1,'2023-10-18 02:02:07',2),(260,'Standard','Bank Transfer',774.45,22.58,797.03,NULL,3,'2024-03-16 18:49:42',5),(261,'Overnight','Bank Transfer',467.77,25.21,492.98,NULL,0,'2024-07-31 03:46:00',5),(262,'Express','Credit Card',309.74,13.33,323.07,NULL,3,'2024-05-25 17:03:27',2),(263,'Overnight','PayPal',527.51,25.53,553.04,NULL,4,'2024-03-09 21:46:07',4),(264,'Express','Bank Transfer',509.98,6.11,516.09,NULL,3,'2024-02-21 19:17:41',5),(265,'Overnight','Bank Transfer',591.70,8.16,599.86,NULL,2,'2024-05-28 21:42:13',1),(266,'Standard','PayPal',174.99,11.74,186.73,NULL,4,'2024-06-10 14:16:30',5),(267,'Overnight','Credit Card',205.11,9.09,214.20,NULL,3,'2024-03-22 14:58:21',3),(268,'Overnight','Bank Transfer',607.82,9.44,617.26,NULL,2,'2023-11-01 04:26:47',2),(269,'Express','PayPal',112.71,17.74,130.45,NULL,4,'2023-09-30 23:08:22',5),(270,'Overnight','Bank Transfer',815.11,6.64,821.75,NULL,4,'2024-04-08 06:31:38',3),(271,'Standard','PayPal',379.86,6.00,385.86,NULL,2,'2024-01-25 10:00:53',3),(272,'Standard','Credit Card',898.82,24.80,923.62,NULL,5,'2024-04-17 05:04:59',2),(273,'Express','PayPal',745.10,15.68,760.78,NULL,5,'2023-11-06 20:22:48',2),(274,'Overnight','PayPal',795.76,16.91,812.67,NULL,4,'2023-11-12 16:16:55',4),(275,'Express','Credit Card',752.21,15.02,767.23,NULL,4,'2023-10-06 05:39:26',3),(276,'Overnight','Credit Card',554.81,23.07,577.88,NULL,2,'2023-09-05 11:35:24',1),(277,'Overnight','Credit Card',109.75,14.75,124.50,NULL,1,'2024-07-21 14:57:43',2),(278,'Standard','Bank Transfer',653.05,24.34,677.39,NULL,2,'2023-08-21 14:27:58',4),(279,'Express','Bank Transfer',162.13,21.10,183.23,NULL,2,'2023-10-22 11:16:00',3),(280,'Express','Bank Transfer',795.47,24.83,820.30,NULL,0,'2023-08-21 09:58:02',5),(281,'Standard','PayPal',697.76,10.75,708.51,NULL,4,'2023-09-15 19:18:00',5),(282,'Overnight','PayPal',746.45,22.00,768.45,NULL,1,'2024-02-11 10:14:36',1),(283,'Standard','Credit Card',394.93,27.13,422.06,NULL,0,'2024-04-07 20:05:11',4),(284,'Standard','PayPal',682.40,19.45,701.85,NULL,5,'2023-11-14 19:41:28',1),(285,'Express','PayPal',822.49,18.57,841.06,NULL,2,'2024-06-23 01:08:48',5),(286,'Overnight','Credit Card',805.08,7.80,812.88,NULL,0,'2024-06-06 11:25:59',4),(287,'Overnight','Bank Transfer',504.72,17.33,522.05,NULL,1,'2023-12-15 07:41:59',5),(288,'Overnight','PayPal',364.24,23.04,387.28,NULL,2,'2024-01-19 15:25:46',3),(289,'Overnight','PayPal',197.23,8.69,205.92,NULL,1,'2024-03-31 17:04:46',4),(290,'Standard','Bank Transfer',881.58,21.28,902.86,NULL,5,'2023-11-21 19:30:18',5),(291,'Standard','Credit Card',758.93,21.62,780.55,NULL,0,'2024-07-31 07:33:58',2),(292,'Overnight','Bank Transfer',333.04,10.59,343.63,NULL,3,'2024-03-26 18:53:09',2),(293,'Express','PayPal',915.03,6.23,921.26,NULL,0,'2024-07-13 09:54:43',5),(294,'Overnight','PayPal',461.85,7.08,468.93,NULL,5,'2023-09-24 22:53:53',5),(295,'Standard','Credit Card',83.73,24.67,108.40,NULL,5,'2023-11-10 07:42:28',4),(296,'Express','Bank Transfer',581.24,8.38,589.62,NULL,0,'2023-09-07 12:45:00',2),(297,'Standard','PayPal',715.52,23.43,738.95,NULL,2,'2023-11-11 05:54:37',1),(298,'Standard','Bank Transfer',739.27,22.19,761.46,NULL,1,'2023-09-12 12:53:56',4),(299,'Express','Credit Card',506.83,8.91,515.74,NULL,2,'2023-10-22 13:04:19',3),(300,'Standard','Credit Card',175.97,7.67,183.64,NULL,0,'2024-05-07 20:10:08',3),(301,'Standard','Bank Transfer',651.13,10.98,662.11,NULL,4,'2024-07-20 07:11:23',1),(302,'Express','PayPal',200.82,20.12,220.94,NULL,1,'2023-08-27 03:13:49',5),(303,'Standard','PayPal',685.69,19.83,705.52,NULL,5,'2024-04-24 17:10:32',2),(304,'Standard','Bank Transfer',849.65,25.54,875.19,NULL,1,'2023-10-24 17:19:12',1),(305,'Overnight','Credit Card',702.10,11.47,713.57,NULL,2,'2023-12-21 20:07:40',2),(306,'Standard','Bank Transfer',507.59,22.06,529.65,NULL,4,'2024-02-27 16:19:29',2),(307,'Overnight','PayPal',718.86,19.60,738.46,NULL,1,'2023-11-01 03:32:52',1),(308,'Express','Credit Card',185.93,16.83,202.76,NULL,2,'2023-09-28 13:10:24',2),(309,'Express','PayPal',354.16,10.06,364.22,NULL,3,'2024-05-30 07:46:14',3),(310,'Standard','Bank Transfer',190.33,11.40,201.73,NULL,1,'2024-02-04 07:29:12',2),(311,'Overnight','Bank Transfer',610.40,19.30,629.70,NULL,0,'2024-05-14 13:06:57',3),(312,'Express','PayPal',207.00,15.11,222.11,NULL,2,'2024-02-21 14:26:49',2),(313,'Express','PayPal',136.84,16.07,152.91,NULL,2,'2023-08-12 03:32:39',3),(314,'Standard','Bank Transfer',444.24,17.43,461.67,NULL,3,'2024-05-17 21:24:55',3),(315,'Standard','PayPal',928.98,13.61,942.59,NULL,4,'2024-07-28 12:43:27',3),(316,'Overnight','PayPal',858.16,29.34,887.50,NULL,1,'2024-05-25 17:37:25',2),(317,'Express','Bank Transfer',637.17,22.08,659.25,NULL,4,'2024-02-15 11:44:53',2),(318,'Express','Credit Card',99.71,28.80,128.51,NULL,1,'2023-12-26 19:59:20',2),(319,'Overnight','PayPal',189.75,9.69,199.44,NULL,2,'2024-02-18 04:02:28',2),(320,'Express','Bank Transfer',425.13,26.35,451.48,NULL,3,'2023-12-19 16:02:48',1),(321,'Standard','Credit Card',732.49,20.01,752.50,NULL,4,'2024-07-13 08:26:22',3),(322,'Standard','Credit Card',615.23,22.32,637.55,NULL,4,'2024-07-01 00:01:55',1),(323,'Overnight','PayPal',318.88,26.84,345.72,NULL,3,'2023-09-30 05:56:55',4),(324,'Overnight','Bank Transfer',507.83,6.65,514.48,NULL,0,'2024-04-05 22:26:48',5),(325,'Standard','Credit Card',557.05,12.93,569.98,NULL,5,'2023-11-24 11:25:42',5),(326,'Overnight','Bank Transfer',888.81,7.62,896.43,NULL,3,'2023-12-01 21:54:11',2),(327,'Standard','Bank Transfer',719.00,10.89,729.89,NULL,5,'2024-01-15 02:26:06',3),(328,'Overnight','Bank Transfer',429.86,23.85,453.71,NULL,4,'2023-12-07 05:51:11',5),(329,'Overnight','PayPal',198.59,26.24,224.83,NULL,3,'2024-07-01 04:30:57',1),(330,'Overnight','PayPal',677.08,25.36,702.44,NULL,0,'2024-04-22 23:18:25',1),(331,'Express','Credit Card',377.74,24.58,402.32,NULL,3,'2023-10-06 18:36:36',1),(332,'Overnight','PayPal',249.09,9.61,258.70,NULL,3,'2024-06-20 02:26:09',5),(333,'Overnight','Bank Transfer',331.27,23.41,354.68,NULL,5,'2023-10-06 13:47:45',2),(334,'Standard','Bank Transfer',680.26,16.93,697.19,NULL,2,'2023-11-05 21:53:24',2),(335,'Standard','Credit Card',563.60,13.84,577.44,NULL,2,'2023-11-15 22:09:11',1),(336,'Standard','Bank Transfer',472.34,9.41,481.75,NULL,1,'2023-12-27 08:20:14',5),(337,'Express','Credit Card',342.57,7.89,350.46,NULL,4,'2024-02-03 06:12:17',5),(338,'Overnight','Bank Transfer',815.45,8.82,824.27,NULL,1,'2024-04-14 13:19:24',3),(339,'Standard','Credit Card',857.52,25.82,883.34,NULL,2,'2023-09-08 10:14:30',1),(340,'Standard','PayPal',484.27,23.62,507.89,NULL,4,'2024-08-08 03:03:38',2),(341,'Overnight','Credit Card',266.62,22.53,289.15,NULL,3,'2023-11-15 11:07:10',3),(342,'Overnight','PayPal',474.65,18.91,493.56,NULL,4,'2023-10-16 13:15:23',4),(343,'Overnight','Credit Card',838.70,14.07,852.77,NULL,5,'2024-02-20 05:11:15',1),(344,'Overnight','Credit Card',184.78,6.90,191.68,NULL,3,'2024-03-15 18:22:10',3),(345,'Overnight','Bank Transfer',91.25,10.14,101.39,NULL,5,'2024-04-14 01:50:40',2),(346,'Express','Credit Card',247.70,17.28,264.98,NULL,0,'2024-01-31 11:03:10',3),(347,'Express','Bank Transfer',335.35,9.45,344.80,NULL,5,'2024-07-29 08:00:04',1),(348,'Overnight','Credit Card',567.17,9.14,576.31,NULL,2,'2024-06-18 04:06:01',3),(349,'Standard','PayPal',909.24,8.58,917.82,NULL,4,'2024-07-07 18:07:35',3),(350,'Express','Credit Card',149.05,25.75,174.80,NULL,0,'2024-02-23 07:29:10',1),(351,'Express','Credit Card',795.65,23.41,819.06,NULL,3,'2023-09-01 06:07:46',4),(352,'Standard','PayPal',784.25,19.31,803.56,NULL,0,'2024-08-02 06:46:47',3),(353,'Standard','Credit Card',747.76,25.97,773.73,NULL,0,'2024-04-08 06:57:47',5),(354,'Express','Bank Transfer',452.07,17.39,469.46,NULL,0,'2024-02-27 00:41:36',2),(355,'Overnight','Bank Transfer',179.74,9.08,188.82,NULL,1,'2023-10-24 17:24:48',1),(356,'Express','Credit Card',99.84,20.96,120.80,NULL,4,'2023-08-12 04:21:28',4),(357,'Express','PayPal',334.17,17.22,351.39,NULL,0,'2023-10-03 20:23:00',3),(358,'Overnight','Credit Card',676.54,7.62,684.16,NULL,3,'2024-02-16 04:09:15',3),(359,'Overnight','Credit Card',752.55,18.98,771.53,NULL,0,'2024-07-26 04:05:52',3),(360,'Overnight','Credit Card',271.60,15.75,287.35,NULL,2,'2024-08-05 19:03:29',2),(361,'Overnight','Credit Card',820.36,21.05,841.41,NULL,5,'2023-09-12 04:02:57',1),(362,'Express','PayPal',434.28,27.29,461.57,NULL,3,'2023-11-15 22:09:04',4),(363,'Standard','Credit Card',922.85,13.33,936.18,NULL,1,'2024-01-13 06:11:28',3),(364,'Standard','PayPal',152.01,12.18,164.19,NULL,4,'2024-07-31 20:14:28',3),(365,'Standard','PayPal',411.52,5.47,416.99,NULL,4,'2024-06-14 08:50:44',2),(366,'Express','Bank Transfer',862.64,12.80,875.44,NULL,2,'2024-05-22 18:42:05',3),(367,'Overnight','Bank Transfer',830.11,27.87,857.98,NULL,1,'2024-03-08 09:27:53',3),(368,'Standard','Bank Transfer',876.51,11.87,888.38,NULL,3,'2023-11-08 23:25:56',5),(369,'Express','PayPal',628.74,13.22,641.96,NULL,0,'2023-09-22 10:27:28',4),(370,'Standard','Bank Transfer',877.77,23.98,901.75,NULL,0,'2023-12-25 23:41:15',4),(371,'Overnight','PayPal',927.18,8.83,936.01,NULL,1,'2024-06-29 15:24:35',4),(372,'Overnight','PayPal',514.27,9.70,523.97,NULL,4,'2023-08-13 14:56:31',1),(373,'Express','Bank Transfer',727.27,20.25,747.52,NULL,2,'2023-08-23 12:27:30',1),(374,'Overnight','Bank Transfer',456.02,9.08,465.10,NULL,1,'2024-03-20 21:54:23',5),(375,'Overnight','Credit Card',383.43,25.78,409.21,NULL,4,'2024-05-07 18:05:54',1),(376,'Standard','PayPal',437.01,13.39,450.40,NULL,4,'2024-06-16 13:45:16',2),(377,'Express','Bank Transfer',413.09,25.55,438.64,NULL,1,'2023-10-06 15:00:17',1),(378,'Standard','Credit Card',363.92,21.22,385.14,NULL,2,'2024-06-26 00:13:58',3),(379,'Overnight','PayPal',614.62,27.86,642.48,NULL,5,'2024-04-10 09:56:31',3),(380,'Standard','PayPal',584.38,15.10,599.48,NULL,4,'2023-09-27 23:02:02',3),(381,'Overnight','Bank Transfer',719.11,17.25,736.36,NULL,2,'2024-03-21 12:02:25',2),(382,'Express','PayPal',894.21,17.98,912.19,NULL,0,'2024-01-18 01:59:31',4),(383,'Overnight','Credit Card',461.57,8.10,469.67,NULL,0,'2023-10-05 08:54:29',4),(384,'Overnight','Bank Transfer',468.41,14.68,483.09,NULL,3,'2024-03-14 01:32:56',4),(385,'Overnight','Bank Transfer',202.06,17.90,219.96,NULL,3,'2024-01-04 13:24:25',2),(386,'Standard','Bank Transfer',377.16,8.18,385.34,NULL,4,'2024-06-20 01:08:33',2),(387,'Standard','Credit Card',388.53,28.76,417.29,NULL,5,'2023-11-30 12:50:19',3),(388,'Standard','Bank Transfer',120.78,7.58,128.36,NULL,3,'2023-10-31 16:15:21',2),(389,'Express','Credit Card',382.36,6.49,388.85,NULL,5,'2023-10-15 06:15:01',4),(390,'Express','Bank Transfer',648.35,23.72,672.07,NULL,5,'2024-01-27 05:47:27',1),(391,'Express','Bank Transfer',435.77,26.62,462.39,NULL,5,'2023-08-19 04:14:08',1),(392,'Standard','PayPal',814.36,28.39,842.75,NULL,2,'2024-02-01 09:55:09',1),(393,'Standard','Credit Card',334.57,17.72,352.29,NULL,0,'2024-03-24 03:56:05',2),(394,'Express','Bank Transfer',227.59,26.54,254.13,NULL,1,'2023-08-14 19:25:21',4),(395,'Overnight','Bank Transfer',616.91,25.56,642.47,NULL,3,'2024-06-17 06:26:36',2),(396,'Express','Credit Card',354.00,5.62,359.62,NULL,4,'2024-01-12 18:31:18',3),(397,'Express','Bank Transfer',578.57,13.08,591.65,NULL,4,'2024-02-22 05:04:10',3),(398,'Standard','PayPal',233.46,23.14,256.60,NULL,2,'2023-10-18 08:03:49',4),(399,'Overnight','PayPal',939.95,13.00,952.95,NULL,4,'2023-08-24 06:27:11',2),(400,'Overnight','PayPal',119.01,20.20,139.21,NULL,3,'2024-03-22 01:03:15',5),(401,'Overnight','Credit Card',460.59,28.73,489.32,NULL,1,'2024-03-27 15:56:05',5),(402,'Standard','Credit Card',943.85,12.57,956.42,NULL,0,'2023-09-21 17:51:57',2),(403,'Express','Credit Card',599.92,15.17,615.09,NULL,0,'2024-05-13 07:57:55',3),(404,'Express','PayPal',515.29,21.98,537.27,NULL,1,'2024-02-02 14:57:07',3),(405,'Standard','Credit Card',497.56,25.72,523.28,NULL,5,'2024-01-03 22:19:15',5),(406,'Express','Credit Card',558.66,7.00,565.66,NULL,4,'2023-12-10 08:05:27',1),(407,'Standard','Credit Card',357.97,8.46,366.43,NULL,3,'2024-06-06 00:19:27',3),(408,'Overnight','Credit Card',906.25,21.16,927.41,NULL,4,'2024-06-11 12:16:50',2),(409,'Standard','PayPal',713.92,11.93,725.85,NULL,0,'2023-09-28 23:19:44',5),(410,'Express','PayPal',461.63,25.35,486.98,NULL,2,'2023-10-16 21:26:45',2),(411,'Express','Credit Card',582.79,28.14,610.93,NULL,2,'2024-01-29 21:45:43',4),(412,'Overnight','Bank Transfer',906.64,22.77,929.41,NULL,5,'2024-04-11 12:38:55',4),(413,'Standard','Bank Transfer',452.35,21.71,474.06,NULL,1,'2023-09-07 02:34:55',5),(414,'Express','PayPal',115.42,14.97,130.39,NULL,3,'2024-05-24 10:49:32',2),(415,'Express','Bank Transfer',206.91,19.97,226.88,NULL,5,'2024-02-05 19:58:37',3),(416,'Express','Credit Card',593.78,8.55,602.33,NULL,0,'2023-10-02 11:44:32',3),(417,'Overnight','Credit Card',342.74,20.20,362.94,NULL,5,'2023-12-04 23:55:09',4),(418,'Overnight','Credit Card',301.77,7.98,309.75,NULL,3,'2024-07-19 10:30:43',5),(419,'Standard','Credit Card',913.32,12.85,926.17,NULL,2,'2024-02-11 23:51:56',3),(420,'Standard','PayPal',121.95,19.89,141.84,NULL,5,'2023-12-26 21:21:48',5),(421,'Express','Bank Transfer',746.90,19.66,766.56,NULL,5,'2024-06-14 21:09:08',2),(422,'Standard','PayPal',266.93,6.55,273.48,NULL,1,'2023-11-06 06:37:24',4),(423,'Express','Bank Transfer',764.80,11.03,775.83,NULL,0,'2024-03-02 04:01:52',2),(424,'Overnight','Credit Card',871.77,29.96,901.73,NULL,0,'2024-05-04 10:03:44',2),(425,'Standard','Credit Card',679.54,13.38,692.92,NULL,2,'2024-01-22 01:53:01',4),(426,'Overnight','Bank Transfer',783.88,10.78,794.66,NULL,2,'2024-01-31 03:04:28',4),(427,'Standard','Bank Transfer',771.19,10.24,781.43,NULL,3,'2024-07-09 18:40:44',1),(428,'Standard','Bank Transfer',739.71,12.12,751.83,NULL,1,'2023-11-14 08:22:40',3),(429,'Standard','Credit Card',361.55,21.26,382.81,NULL,3,'2024-03-17 01:03:41',2),(430,'Overnight','PayPal',455.89,11.04,466.93,NULL,4,'2024-03-13 08:34:38',3),(431,'Overnight','PayPal',582.69,25.62,608.31,NULL,0,'2024-01-06 04:36:54',2),(432,'Express','Credit Card',171.71,12.32,184.03,NULL,0,'2023-09-12 21:00:48',3),(433,'Standard','Credit Card',394.01,12.18,406.19,NULL,1,'2023-12-21 21:50:52',5),(434,'Overnight','Bank Transfer',880.83,6.25,887.08,NULL,3,'2024-01-19 23:02:29',5),(435,'Overnight','PayPal',549.29,17.88,567.17,NULL,2,'2024-01-17 04:59:45',2),(436,'Express','PayPal',437.26,25.41,462.67,NULL,1,'2024-03-16 11:41:30',3),(437,'Express','Credit Card',107.35,29.34,136.69,NULL,2,'2023-08-26 00:50:15',4),(438,'Express','PayPal',853.97,11.29,865.26,NULL,1,'2024-06-26 06:29:01',4),(439,'Express','Credit Card',465.37,17.41,482.78,NULL,5,'2023-10-13 00:13:45',3),(440,'Express','Bank Transfer',386.32,21.06,407.38,NULL,4,'2023-12-18 03:23:19',2),(441,'Express','Bank Transfer',828.22,13.47,841.69,NULL,0,'2024-06-26 16:47:54',5),(442,'Express','Bank Transfer',488.46,16.40,504.86,NULL,0,'2024-07-21 19:42:00',4),(443,'Standard','PayPal',471.50,9.79,481.29,NULL,0,'2023-11-13 02:39:19',1),(444,'Standard','PayPal',177.92,20.84,198.76,NULL,1,'2024-07-21 00:36:54',4),(445,'Express','Bank Transfer',913.96,24.54,938.50,NULL,3,'2024-02-25 15:31:03',2),(446,'Overnight','PayPal',831.62,12.85,844.47,NULL,3,'2023-11-13 23:18:47',4),(447,'Standard','PayPal',864.09,29.30,893.39,NULL,0,'2024-08-07 11:46:16',2),(448,'Standard','Credit Card',149.71,5.03,154.74,NULL,5,'2023-12-24 19:36:18',4),(449,'Overnight','Credit Card',125.61,27.67,153.28,NULL,5,'2023-11-18 15:10:09',5),(450,'Overnight','Credit Card',210.52,26.61,237.13,NULL,0,'2024-04-21 22:00:41',1),(451,'Express','Bank Transfer',549.11,18.33,567.44,NULL,4,'2024-01-02 14:25:48',1),(452,'Overnight','Credit Card',845.84,28.24,874.08,NULL,4,'2023-09-30 02:56:52',4),(453,'Overnight','PayPal',554.59,6.86,561.45,NULL,1,'2024-04-13 15:56:50',3),(454,'Express','PayPal',662.35,29.21,691.56,NULL,2,'2023-10-02 20:40:03',2),(455,'Express','PayPal',817.23,29.86,847.09,NULL,4,'2024-07-17 17:31:13',4),(456,'Standard','Credit Card',194.99,21.02,216.01,NULL,2,'2023-08-14 04:29:34',4),(457,'Express','PayPal',94.30,12.18,106.48,NULL,0,'2023-10-08 05:07:27',1),(458,'Overnight','Credit Card',128.95,17.28,146.23,NULL,2,'2024-02-26 04:33:24',4),(459,'Standard','PayPal',670.58,24.29,694.87,NULL,1,'2023-08-23 04:48:40',3),(460,'Standard','Credit Card',324.36,15.30,339.66,NULL,1,'2024-07-06 06:52:54',1),(461,'Express','Credit Card',278.78,7.22,286.00,NULL,2,'2023-11-01 08:45:50',5),(462,'Overnight','PayPal',798.56,27.83,826.39,NULL,1,'2024-07-04 14:06:20',2),(463,'Overnight','Bank Transfer',286.73,22.78,309.51,NULL,5,'2023-09-27 23:49:37',1),(464,'Standard','PayPal',389.42,20.17,409.59,NULL,1,'2024-08-02 10:30:16',5),(465,'Overnight','Credit Card',948.67,5.09,953.76,NULL,5,'2024-03-16 20:38:36',1),(466,'Overnight','Credit Card',689.68,18.90,708.58,NULL,5,'2024-04-04 06:31:35',4),(467,'Overnight','Bank Transfer',397.80,21.02,418.82,NULL,0,'2024-02-02 01:02:04',3),(468,'Standard','Bank Transfer',108.02,16.16,124.18,NULL,3,'2024-06-28 16:03:59',3),(469,'Standard','PayPal',791.77,29.77,821.54,NULL,5,'2024-01-22 06:53:52',5),(470,'Standard','PayPal',96.69,12.14,108.83,NULL,1,'2024-03-21 13:22:36',1),(471,'Express','PayPal',468.96,17.56,486.52,NULL,3,'2024-01-04 22:44:22',3),(472,'Overnight','Bank Transfer',708.16,24.44,732.60,NULL,1,'2024-07-06 12:22:02',3),(473,'Standard','PayPal',143.18,18.09,161.27,NULL,5,'2024-04-25 12:25:00',1),(474,'Overnight','PayPal',307.02,9.11,316.13,NULL,1,'2024-06-06 02:07:45',1),(475,'Standard','PayPal',819.93,26.98,846.91,NULL,3,'2023-11-11 19:04:49',1),(476,'Overnight','Bank Transfer',708.03,26.92,734.95,NULL,4,'2023-08-22 20:17:49',4),(477,'Standard','Credit Card',942.50,21.82,964.32,NULL,1,'2023-12-08 21:45:57',3),(478,'Express','Credit Card',888.09,6.06,894.15,NULL,3,'2023-09-19 13:21:59',5),(479,'Express','Credit Card',270.31,11.70,282.01,NULL,3,'2024-06-15 03:06:51',5),(480,'Overnight','PayPal',671.32,11.91,683.23,NULL,5,'2024-03-30 17:20:03',1),(481,'Standard','Credit Card',166.64,17.26,183.90,NULL,0,'2024-07-28 05:02:07',2),(482,'Overnight','Credit Card',194.52,25.09,219.61,NULL,1,'2024-07-08 13:05:04',1),(483,'Standard','Bank Transfer',691.86,19.44,711.30,NULL,0,'2023-11-01 04:55:43',2),(484,'Express','Credit Card',656.46,20.82,677.28,NULL,5,'2024-01-11 18:07:19',4),(485,'Express','Credit Card',385.30,7.88,393.18,NULL,2,'2024-02-01 22:58:20',5),(486,'Express','Bank Transfer',836.15,7.87,844.02,NULL,0,'2023-09-07 13:48:59',5),(487,'Express','Bank Transfer',746.19,23.26,769.45,NULL,4,'2023-08-21 15:41:17',2),(488,'Overnight','Credit Card',753.66,20.66,774.32,NULL,3,'2024-02-05 05:25:21',3),(489,'Express','Bank Transfer',204.23,23.30,227.53,NULL,3,'2024-06-27 14:22:38',5),(490,'Standard','Bank Transfer',784.38,29.23,813.61,NULL,2,'2023-09-26 12:24:45',1),(491,'Standard','Bank Transfer',182.75,28.51,211.26,NULL,3,'2023-11-29 10:06:44',4),(492,'Standard','Credit Card',186.44,14.08,200.52,NULL,0,'2023-12-08 02:53:25',3),(493,'Express','PayPal',545.95,19.36,565.31,NULL,1,'2024-06-24 17:36:09',2),(494,'Standard','PayPal',496.78,25.50,522.28,NULL,4,'2024-03-12 12:14:57',2),(495,'Overnight','Bank Transfer',646.58,29.20,675.78,NULL,4,'2023-09-01 20:47:43',4),(496,'Overnight','Bank Transfer',137.68,13.24,150.92,NULL,0,'2024-01-13 04:04:50',2),(497,'Express','Credit Card',272.62,18.39,291.01,NULL,4,'2024-07-09 23:33:38',2),(498,'Standard','Bank Transfer',641.79,8.67,650.46,NULL,2,'2024-01-31 07:09:26',5),(499,'Standard','Credit Card',463.41,28.88,492.29,NULL,1,'2023-12-30 20:23:11',4),(500,'Express','PayPal',768.47,21.56,790.03,NULL,5,'2024-03-26 11:24:25',1),(501,'Express','PayPal',141.76,25.15,166.91,NULL,1,'2024-06-01 10:03:49',3),(502,'Standard','Credit Card',897.69,15.89,913.58,NULL,2,'2023-09-03 00:32:58',5),(503,'Standard','Bank Transfer',661.71,7.89,669.60,NULL,5,'2023-09-18 12:37:54',3),(504,'Overnight','Credit Card',719.17,25.60,744.77,NULL,2,'2023-10-23 03:50:19',2),(505,'Standard','Credit Card',828.02,26.86,854.88,NULL,3,'2023-12-09 12:32:25',5),(506,'Overnight','PayPal',177.06,21.16,198.22,NULL,5,'2024-07-22 06:34:03',5),(507,'Express','PayPal',845.17,6.75,851.92,NULL,0,'2023-10-19 13:17:26',1),(508,'Express','Credit Card',454.11,7.14,461.25,NULL,2,'2024-05-13 03:47:19',5),(509,'Express','Bank Transfer',200.91,16.92,217.83,NULL,4,'2023-11-25 07:15:57',2),(510,'Express','PayPal',805.05,17.05,822.10,NULL,5,'2024-06-22 17:09:18',5),(511,'Standard','Credit Card',893.80,15.13,908.93,NULL,5,'2023-10-02 06:02:03',3),(512,'Overnight','Credit Card',875.71,23.74,899.45,NULL,5,'2023-10-06 17:31:05',1),(513,'Standard','Bank Transfer',712.06,8.37,720.43,NULL,5,'2024-03-09 14:08:31',3),(514,'Express','Bank Transfer',465.06,27.70,492.76,NULL,4,'2023-09-08 16:52:50',5),(515,'Standard','Bank Transfer',303.64,29.59,333.23,NULL,1,'2024-05-01 14:57:25',4),(516,'Standard','Credit Card',544.52,22.20,566.72,NULL,2,'2023-08-17 17:06:44',4),(517,'Express','Bank Transfer',499.04,22.35,521.39,NULL,4,'2024-06-16 08:08:42',3),(518,'Overnight','Bank Transfer',725.54,8.09,733.63,NULL,5,'2024-01-03 12:40:43',2),(519,'Overnight','Bank Transfer',260.82,28.36,289.18,NULL,3,'2023-09-23 11:02:59',5),(520,'Standard','Bank Transfer',534.07,20.14,554.21,NULL,5,'2024-04-18 14:52:58',5),(521,'Express','PayPal',675.44,29.35,704.79,NULL,1,'2023-11-24 07:04:23',5),(522,'Standard','PayPal',129.64,9.18,138.82,NULL,0,'2024-04-26 13:05:33',2),(523,'Overnight','Bank Transfer',401.59,18.61,420.20,NULL,2,'2023-10-01 22:01:05',1),(524,'Standard','Credit Card',820.29,14.32,834.61,NULL,1,'2023-09-24 05:16:38',3),(525,'Overnight','PayPal',568.51,8.49,577.00,NULL,5,'2023-09-23 13:09:19',5),(526,'Overnight','Credit Card',532.25,28.35,560.60,NULL,4,'2024-02-25 08:16:24',2),(527,'Standard','PayPal',333.52,29.56,363.08,NULL,1,'2024-07-05 16:28:49',1),(528,'Overnight','Credit Card',779.74,7.98,787.72,NULL,2,'2024-04-07 22:00:44',1),(529,'Express','PayPal',610.34,10.17,620.51,NULL,1,'2024-05-10 16:50:29',5),(530,'Standard','Credit Card',372.21,6.77,378.98,NULL,4,'2024-06-15 01:57:21',3),(531,'Standard','Bank Transfer',708.95,26.41,735.36,NULL,1,'2024-05-01 23:10:03',2),(532,'Overnight','Credit Card',270.08,6.26,276.34,NULL,4,'2024-02-29 14:05:53',5),(533,'Standard','Bank Transfer',744.69,7.53,752.22,NULL,5,'2024-02-14 10:42:00',5),(534,'Standard','Bank Transfer',362.17,16.29,378.46,NULL,2,'2024-03-29 17:59:27',3),(535,'Standard','Credit Card',298.28,12.99,311.27,NULL,3,'2023-12-14 06:25:26',1),(536,'Standard','PayPal',811.76,8.81,820.57,NULL,5,'2024-01-08 16:49:46',1),(537,'Overnight','PayPal',371.83,18.29,390.12,NULL,1,'2024-06-23 01:20:42',1),(538,'Express','PayPal',430.19,29.69,459.88,NULL,0,'2024-03-31 12:58:14',3),(539,'Standard','Bank Transfer',800.59,26.05,826.64,NULL,2,'2024-02-03 09:14:08',1),(540,'Overnight','Credit Card',444.16,29.90,474.06,NULL,3,'2024-04-08 12:32:20',5),(541,'Overnight','PayPal',915.38,12.56,927.94,NULL,0,'2024-02-07 21:14:09',4),(542,'Express','Bank Transfer',163.01,23.52,186.53,NULL,5,'2024-03-20 20:31:16',4),(543,'Standard','Bank Transfer',450.98,21.06,472.04,NULL,2,'2024-03-25 02:54:38',4),(544,'Standard','Credit Card',653.80,13.74,667.54,NULL,2,'2024-07-30 22:28:57',3),(545,'Standard','PayPal',831.49,26.82,858.31,NULL,3,'2024-06-02 00:15:19',1),(546,'Overnight','PayPal',907.62,13.95,921.57,NULL,4,'2024-02-25 09:54:41',1),(547,'Standard','Bank Transfer',201.74,19.87,221.61,NULL,3,'2023-10-16 18:20:10',5),(548,'Standard','PayPal',762.12,20.00,782.12,NULL,5,'2023-09-11 22:37:51',4),(549,'Overnight','Credit Card',250.07,7.38,257.45,NULL,5,'2023-12-21 21:56:54',3),(550,'Overnight','Bank Transfer',837.02,25.58,862.60,NULL,0,'2023-11-02 00:50:21',5),(551,'Standard','PayPal',676.78,29.77,706.55,NULL,4,'2023-10-31 22:17:40',1),(552,'Express','Bank Transfer',351.30,15.70,367.00,NULL,4,'2023-11-03 03:37:42',5),(553,'Overnight','PayPal',393.00,18.91,411.91,NULL,2,'2023-11-23 18:23:35',3),(554,'Express','PayPal',914.32,24.05,938.37,NULL,4,'2023-11-01 22:57:09',4),(555,'Standard','PayPal',220.43,17.15,237.58,NULL,5,'2024-04-12 18:26:01',2),(556,'Express','Bank Transfer',499.12,20.03,519.15,NULL,5,'2024-02-01 12:02:04',5),(557,'Express','Credit Card',867.65,15.41,883.06,NULL,3,'2024-06-22 14:55:27',1),(558,'Standard','PayPal',110.41,13.00,123.41,NULL,2,'2023-12-05 15:53:44',4),(559,'Overnight','Bank Transfer',686.23,8.90,695.13,NULL,4,'2023-12-15 17:31:47',1),(560,'Standard','PayPal',245.94,11.59,257.53,NULL,5,'2024-05-31 09:27:08',2),(561,'Express','PayPal',795.86,12.77,808.63,NULL,0,'2023-10-21 11:09:08',2),(562,'Express','Bank Transfer',861.81,5.73,867.54,NULL,5,'2024-01-02 06:13:51',1),(563,'Standard','PayPal',105.47,29.40,134.87,NULL,3,'2023-10-03 16:35:56',5),(564,'Overnight','Credit Card',676.54,23.02,699.56,NULL,3,'2023-09-08 11:09:12',5),(565,'Overnight','Credit Card',463.79,19.45,483.24,NULL,1,'2024-04-21 10:19:17',3),(566,'Standard','PayPal',228.74,7.50,236.24,NULL,5,'2024-03-26 03:54:57',3),(567,'Overnight','Credit Card',603.83,17.16,620.99,NULL,1,'2024-06-06 19:23:18',1),(568,'Overnight','Bank Transfer',815.15,14.33,829.48,NULL,5,'2023-10-12 16:12:30',2),(569,'Express','Bank Transfer',946.89,29.77,976.66,NULL,0,'2024-04-29 06:20:34',3),(570,'Overnight','Credit Card',284.23,9.33,293.56,NULL,4,'2024-02-22 12:32:23',1),(571,'Standard','Credit Card',494.80,16.85,511.65,NULL,4,'2024-03-15 05:24:57',4),(572,'Express','PayPal',892.68,22.89,915.57,NULL,0,'2023-10-21 12:51:06',3),(573,'Overnight','PayPal',288.90,27.83,316.73,NULL,0,'2023-10-31 21:12:23',1),(574,'Express','PayPal',449.97,16.60,466.57,NULL,4,'2024-02-15 09:52:22',1),(575,'Standard','PayPal',647.47,16.18,663.65,NULL,0,'2023-09-15 23:34:39',1),(576,'Express','PayPal',296.30,10.23,306.53,NULL,2,'2023-09-01 05:49:30',3),(577,'Overnight','PayPal',907.97,29.33,937.30,NULL,5,'2023-10-05 07:58:37',1),(578,'Overnight','PayPal',776.76,21.46,798.22,NULL,4,'2024-01-08 13:09:18',2),(579,'Standard','Credit Card',175.72,29.45,205.17,NULL,2,'2023-10-13 03:17:30',2),(580,'Overnight','PayPal',194.41,19.02,213.43,NULL,4,'2024-06-10 12:47:30',3),(581,'Overnight','PayPal',203.51,27.17,230.68,NULL,5,'2024-07-26 08:21:47',4),(582,'Express','Credit Card',91.57,11.80,103.37,NULL,3,'2024-04-24 16:31:37',3),(583,'Standard','Bank Transfer',495.17,13.00,508.17,NULL,1,'2023-09-11 12:51:01',3),(584,'Express','PayPal',360.53,21.13,381.66,NULL,0,'2024-01-07 00:36:03',2),(585,'Express','Bank Transfer',636.28,13.56,649.84,NULL,2,'2024-01-08 12:47:43',4),(586,'Express','Bank Transfer',658.92,8.85,667.77,NULL,1,'2024-03-22 15:17:41',4),(587,'Express','PayPal',121.96,6.47,128.43,NULL,1,'2023-12-30 14:37:32',5),(588,'Overnight','Credit Card',741.33,17.27,758.60,NULL,3,'2023-11-22 05:52:29',1),(589,'Express','Bank Transfer',720.23,20.89,741.12,NULL,4,'2024-03-23 15:07:13',4),(590,'Overnight','Credit Card',558.55,18.52,577.07,NULL,4,'2024-07-14 23:57:08',3),(591,'Express','PayPal',712.68,14.57,727.25,NULL,1,'2024-01-12 23:02:00',3),(592,'Standard','Credit Card',876.16,26.25,902.41,NULL,3,'2024-01-13 14:05:01',5),(593,'Overnight','Credit Card',909.95,19.25,929.20,NULL,2,'2024-01-02 10:49:55',2),(594,'Express','Credit Card',784.09,7.66,791.75,NULL,5,'2023-09-15 18:51:02',1),(595,'Express','Credit Card',341.66,8.74,350.40,NULL,1,'2023-10-20 11:25:04',3),(596,'Standard','Credit Card',602.99,25.92,628.91,NULL,2,'2024-04-02 21:31:01',5),(597,'Express','Credit Card',123.90,20.29,144.19,NULL,0,'2023-11-05 06:35:35',1),(598,'Standard','Bank Transfer',199.74,28.79,228.53,NULL,5,'2024-02-06 15:29:09',3),(599,'Standard','Bank Transfer',894.66,11.77,906.43,NULL,5,'2023-10-07 14:55:40',1),(600,'Standard','Bank Transfer',751.12,9.04,760.16,NULL,4,'2024-05-10 00:32:35',1),(601,'Standard','Bank Transfer',445.24,17.47,462.71,NULL,0,'2023-08-29 02:14:22',1),(602,'Express','Bank Transfer',133.41,13.87,147.28,NULL,1,'2024-06-22 08:05:19',2),(603,'Standard','Bank Transfer',309.03,14.84,323.87,NULL,4,'2024-03-07 02:20:21',3),(604,'Overnight','Bank Transfer',341.04,15.02,356.06,NULL,2,'2024-02-21 09:01:30',2),(605,'Overnight','Bank Transfer',262.44,29.68,292.12,NULL,1,'2023-12-14 22:18:50',5),(606,'Express','Credit Card',777.70,17.71,795.41,NULL,4,'2023-12-30 11:07:02',5),(607,'Standard','PayPal',555.25,5.57,560.82,NULL,5,'2024-06-27 20:02:03',1),(608,'Express','PayPal',192.29,26.48,218.77,NULL,5,'2023-09-04 12:14:26',4),(609,'Express','PayPal',341.11,23.39,364.50,NULL,4,'2023-10-04 13:19:43',5),(610,'Express','Bank Transfer',412.81,28.34,441.15,NULL,2,'2024-01-03 05:50:20',4),(611,'Overnight','Credit Card',116.55,18.63,135.18,NULL,4,'2023-11-13 21:25:18',3),(612,'Standard','Credit Card',636.68,22.20,658.88,NULL,4,'2023-09-20 21:17:26',1),(613,'Overnight','Credit Card',125.94,21.82,147.76,NULL,2,'2023-12-02 15:48:01',4),(614,'Standard','PayPal',608.69,10.19,618.88,NULL,2,'2023-10-30 14:24:50',2),(615,'Overnight','PayPal',166.53,23.19,189.72,NULL,1,'2024-01-26 16:31:15',2),(616,'Express','Credit Card',193.06,14.91,207.97,NULL,1,'2024-01-05 10:44:00',1),(617,'Standard','PayPal',662.69,26.29,688.98,NULL,2,'2024-03-01 06:53:56',5),(618,'Express','Credit Card',143.97,22.27,166.24,NULL,4,'2024-01-16 06:09:45',1),(619,'Standard','Bank Transfer',534.82,26.11,560.93,NULL,3,'2024-02-01 21:02:03',1),(620,'Standard','Bank Transfer',844.52,11.73,856.25,NULL,3,'2023-12-28 18:31:27',1),(621,'Standard','Credit Card',403.96,21.72,425.68,NULL,3,'2023-09-12 08:10:00',3),(622,'Express','Credit Card',835.79,13.08,848.87,NULL,5,'2023-10-02 21:55:29',5),(623,'Overnight','Bank Transfer',693.26,15.27,708.53,NULL,3,'2024-05-07 22:00:32',5),(624,'Overnight','Credit Card',189.72,24.86,214.58,NULL,2,'2023-10-22 03:52:08',3),(625,'Express','Bank Transfer',744.43,12.88,757.31,NULL,0,'2024-07-28 05:05:19',4),(626,'Overnight','Credit Card',851.16,9.42,860.58,NULL,0,'2023-09-24 01:31:49',4),(627,'Standard','Bank Transfer',488.08,5.50,493.58,NULL,3,'2023-12-14 01:31:15',4),(628,'Express','Bank Transfer',570.03,21.50,591.53,NULL,0,'2023-11-16 13:12:07',5),(629,'Express','Credit Card',364.02,29.91,393.93,NULL,3,'2024-01-03 11:16:50',5),(630,'Standard','Bank Transfer',676.76,6.85,683.61,NULL,0,'2024-05-21 13:28:49',4),(631,'Express','Bank Transfer',559.37,21.90,581.27,NULL,1,'2024-07-03 15:05:36',1),(632,'Overnight','Bank Transfer',120.89,24.34,145.23,NULL,5,'2023-10-08 21:41:34',5),(633,'Overnight','PayPal',838.53,5.92,844.45,NULL,4,'2024-02-11 17:49:01',4),(634,'Express','Bank Transfer',927.68,6.83,934.51,NULL,3,'2024-07-22 21:48:05',4),(635,'Standard','Bank Transfer',150.37,19.80,170.17,NULL,1,'2023-12-02 11:28:26',3),(636,'Standard','Bank Transfer',614.76,19.42,634.18,NULL,5,'2024-01-31 08:37:01',4),(637,'Standard','Credit Card',450.10,28.81,478.91,NULL,0,'2023-10-04 13:11:55',1),(638,'Standard','PayPal',243.55,6.95,250.50,NULL,0,'2023-11-21 20:41:12',4),(639,'Express','Credit Card',862.05,11.12,873.17,NULL,0,'2024-03-26 21:35:22',4),(640,'Overnight','Bank Transfer',163.18,14.95,178.13,NULL,3,'2023-09-09 07:30:40',1),(641,'Express','Credit Card',120.74,18.40,139.14,NULL,5,'2024-02-17 13:58:56',4),(642,'Standard','PayPal',571.92,17.95,589.87,NULL,0,'2024-02-27 23:53:09',2),(643,'Standard','PayPal',868.71,12.73,881.44,NULL,4,'2024-01-09 21:31:44',1),(644,'Overnight','PayPal',696.84,20.05,716.89,NULL,0,'2023-08-23 00:48:27',2),(645,'Overnight','Bank Transfer',311.09,24.10,335.19,NULL,3,'2024-04-27 15:02:09',5),(646,'Express','Credit Card',168.30,8.69,176.99,NULL,5,'2024-07-04 02:40:31',4),(647,'Overnight','Bank Transfer',748.24,27.06,775.30,NULL,5,'2023-09-02 20:35:15',1),(648,'Standard','Bank Transfer',800.95,14.75,815.70,NULL,5,'2024-07-21 12:30:04',5),(649,'Standard','Credit Card',471.66,6.96,478.62,NULL,1,'2023-10-07 20:55:05',1),(650,'Overnight','Credit Card',640.10,19.27,659.37,NULL,4,'2024-02-04 17:32:26',2),(651,'Express','PayPal',809.36,12.30,821.66,NULL,1,'2024-02-12 21:12:56',4),(652,'Standard','Bank Transfer',709.30,12.12,721.42,NULL,0,'2024-01-29 01:05:33',3),(653,'Overnight','Bank Transfer',589.02,6.31,595.33,NULL,5,'2023-10-14 21:24:24',4),(654,'Standard','Bank Transfer',793.49,5.80,799.29,NULL,4,'2024-03-21 02:26:18',2),(655,'Overnight','Bank Transfer',205.56,10.40,215.96,NULL,1,'2024-04-07 10:27:15',3),(656,'Express','PayPal',453.16,16.47,469.63,NULL,5,'2024-04-07 20:18:45',4),(657,'Standard','Credit Card',419.66,14.99,434.65,NULL,1,'2024-05-01 13:02:43',3),(658,'Overnight','Credit Card',903.61,22.79,926.40,NULL,3,'2024-02-26 01:28:46',2),(659,'Standard','Credit Card',515.73,7.17,522.90,NULL,0,'2023-10-23 22:36:55',1),(660,'Express','PayPal',82.70,29.20,111.90,NULL,1,'2024-05-20 10:12:19',4),(661,'Standard','Bank Transfer',134.90,8.75,143.65,NULL,0,'2024-01-18 01:15:35',5),(662,'Standard','Credit Card',813.07,20.94,834.01,NULL,5,'2024-02-21 10:33:29',5),(663,'Standard','Credit Card',793.77,12.44,806.21,NULL,0,'2023-08-29 05:33:21',3),(664,'Express','Credit Card',421.84,6.66,428.50,NULL,4,'2024-05-24 05:31:31',2),(665,'Express','Credit Card',499.02,22.33,521.35,NULL,0,'2024-01-04 11:12:08',3),(666,'Overnight','Bank Transfer',688.13,9.47,697.60,NULL,1,'2024-06-02 00:44:58',2),(667,'Standard','Credit Card',275.16,12.27,287.43,NULL,5,'2023-12-17 02:30:37',4),(668,'Express','PayPal',524.52,24.00,548.52,NULL,4,'2024-06-20 09:44:15',2),(669,'Express','Bank Transfer',832.81,25.76,858.57,NULL,2,'2024-05-07 01:48:32',1),(670,'Overnight','Credit Card',613.58,26.30,639.88,NULL,1,'2023-11-12 15:34:53',2),(671,'Express','Bank Transfer',816.74,16.05,832.79,NULL,5,'2024-06-29 09:15:22',5),(672,'Standard','Bank Transfer',409.67,25.85,435.52,NULL,0,'2023-08-29 14:06:20',5),(673,'Express','PayPal',193.43,24.06,217.49,NULL,0,'2024-06-13 13:40:16',2),(674,'Express','Bank Transfer',189.60,7.13,196.73,NULL,3,'2024-03-25 08:19:02',5),(675,'Overnight','Bank Transfer',480.16,16.01,496.17,NULL,1,'2024-07-19 18:37:09',1),(676,'Standard','Bank Transfer',629.20,14.84,644.04,NULL,4,'2024-06-16 17:15:23',4),(677,'Standard','Bank Transfer',435.24,9.79,445.03,NULL,3,'2024-06-08 16:34:59',5),(678,'Express','PayPal',174.33,26.93,201.26,NULL,3,'2024-03-26 08:27:00',5),(679,'Overnight','PayPal',700.35,6.56,706.91,NULL,3,'2024-04-25 07:05:02',3),(680,'Express','PayPal',827.09,8.98,836.07,NULL,5,'2024-01-29 07:38:40',1),(681,'Express','Bank Transfer',846.80,11.17,857.97,NULL,1,'2024-01-28 21:24:25',1),(682,'Standard','PayPal',566.89,25.48,592.37,NULL,5,'2024-03-06 12:30:44',1),(683,'Standard','Credit Card',308.04,18.60,326.64,NULL,2,'2023-10-21 03:39:44',4),(684,'Overnight','PayPal',145.32,21.41,166.73,NULL,3,'2023-11-14 05:02:28',1),(685,'Standard','Bank Transfer',523.30,28.17,551.47,NULL,2,'2024-06-08 23:01:21',5),(686,'Overnight','PayPal',765.86,8.49,774.35,NULL,1,'2024-03-13 20:29:07',3),(687,'Express','Bank Transfer',442.79,11.91,454.70,NULL,4,'2024-03-30 01:12:48',5),(688,'Express','Bank Transfer',728.63,22.27,750.90,NULL,3,'2023-12-27 00:15:38',5),(689,'Express','Credit Card',823.12,16.24,839.36,NULL,2,'2024-07-06 07:20:03',3),(690,'Standard','Bank Transfer',586.64,5.68,592.32,NULL,3,'2023-09-15 16:29:34',3),(691,'Express','Credit Card',265.58,9.75,275.33,NULL,2,'2024-01-01 09:01:16',5),(692,'Standard','PayPal',488.18,9.19,497.37,NULL,3,'2024-01-01 14:57:27',1),(693,'Express','Bank Transfer',288.05,26.34,314.39,NULL,4,'2024-02-03 17:44:28',4),(694,'Overnight','Credit Card',92.32,9.56,101.88,NULL,1,'2024-04-17 12:18:39',2),(695,'Express','PayPal',624.17,27.08,651.25,NULL,2,'2024-05-27 16:41:18',5),(696,'Overnight','Bank Transfer',889.62,22.09,911.71,NULL,5,'2024-01-26 02:28:39',2),(697,'Express','Bank Transfer',454.48,11.77,466.25,NULL,1,'2024-04-20 16:25:13',3),(698,'Standard','PayPal',607.19,18.15,625.34,NULL,5,'2024-02-22 22:35:06',3),(699,'Standard','PayPal',801.83,18.13,819.96,NULL,0,'2024-02-04 17:49:36',4),(700,'Express','PayPal',536.07,16.80,552.87,NULL,4,'2024-01-02 19:21:12',4),(701,'Overnight','PayPal',234.89,10.06,244.95,NULL,2,'2024-06-29 19:30:52',5),(702,'Express','PayPal',686.47,6.16,692.63,NULL,2,'2024-03-16 14:55:06',3),(703,'Standard','Credit Card',580.80,8.58,589.38,NULL,5,'2024-06-17 00:41:06',4),(704,'Standard','Credit Card',407.99,28.32,436.31,NULL,4,'2023-12-22 17:16:34',2),(705,'Overnight','PayPal',736.90,6.28,743.18,NULL,0,'2024-03-02 11:32:57',3),(706,'Express','Credit Card',689.73,27.47,717.20,NULL,2,'2024-05-25 08:03:55',2),(707,'Express','PayPal',913.80,24.41,938.21,NULL,3,'2024-05-22 13:00:24',4),(708,'Express','Bank Transfer',184.07,15.54,199.61,NULL,3,'2023-08-20 09:42:19',5),(709,'Express','Bank Transfer',175.25,23.15,198.40,NULL,4,'2023-09-13 15:30:12',2),(710,'Standard','Credit Card',573.50,24.27,597.77,NULL,3,'2023-10-18 04:42:35',2),(711,'Express','Credit Card',785.79,25.72,811.51,NULL,0,'2024-03-19 22:26:34',4),(712,'Overnight','Credit Card',469.27,18.85,488.12,NULL,5,'2023-11-05 11:37:22',4),(713,'Express','Credit Card',375.27,10.50,385.77,NULL,4,'2023-08-30 11:00:21',2),(714,'Standard','Credit Card',154.84,9.91,164.75,NULL,4,'2024-05-25 01:47:25',3),(715,'Express','Credit Card',557.54,11.17,568.71,NULL,5,'2024-01-04 19:37:56',2),(716,'Express','Credit Card',647.84,26.69,674.53,NULL,5,'2023-09-20 10:17:51',5),(717,'Overnight','Bank Transfer',740.42,7.04,747.46,NULL,1,'2023-10-26 01:47:47',2),(718,'Express','Bank Transfer',920.16,20.22,940.38,NULL,0,'2024-05-27 10:10:22',4),(719,'Overnight','Bank Transfer',108.15,23.41,131.56,NULL,5,'2024-01-25 14:03:03',2),(720,'Express','PayPal',734.27,9.71,743.98,NULL,0,'2023-12-04 18:08:00',5),(721,'Express','Bank Transfer',105.59,20.82,126.41,NULL,1,'2024-02-04 04:14:05',3),(722,'Overnight','Credit Card',442.65,29.01,471.66,NULL,4,'2024-03-06 21:10:02',5),(723,'Standard','Credit Card',663.42,13.08,676.50,NULL,5,'2024-01-07 13:32:12',2),(724,'Standard','Bank Transfer',782.73,8.18,790.91,NULL,5,'2024-01-15 16:31:06',5),(725,'Express','PayPal',940.50,27.27,967.77,NULL,3,'2023-12-06 17:31:02',2),(726,'Standard','PayPal',701.81,8.45,710.26,NULL,1,'2024-02-06 06:28:26',3),(727,'Express','PayPal',160.59,14.57,175.16,NULL,4,'2024-06-15 05:52:04',3),(728,'Express','Bank Transfer',932.10,16.51,948.61,NULL,0,'2024-02-28 14:44:24',3),(729,'Express','PayPal',844.30,5.15,849.45,NULL,4,'2024-06-28 16:16:52',5),(730,'Express','Bank Transfer',808.78,5.54,814.32,NULL,1,'2024-03-28 05:23:26',3),(731,'Express','PayPal',365.22,18.79,384.01,NULL,0,'2024-02-21 07:26:46',3),(732,'Express','Bank Transfer',126.67,7.30,133.97,NULL,2,'2024-05-21 22:56:01',1),(733,'Standard','PayPal',296.22,7.91,304.13,NULL,2,'2023-09-02 19:11:09',1),(734,'Overnight','Credit Card',188.66,12.40,201.06,NULL,3,'2024-06-21 16:44:37',3),(735,'Standard','PayPal',786.04,11.06,797.10,NULL,0,'2024-06-14 01:49:42',2),(736,'Standard','Bank Transfer',667.42,11.61,679.03,NULL,3,'2024-01-15 04:11:04',5),(737,'Standard','Credit Card',694.48,24.43,718.91,NULL,2,'2024-01-13 18:25:08',4),(738,'Overnight','PayPal',405.74,10.82,416.56,NULL,1,'2023-09-18 01:37:43',3),(739,'Standard','Bank Transfer',476.95,17.67,494.62,NULL,3,'2023-12-27 05:41:47',3),(740,'Express','Credit Card',128.13,10.71,138.84,NULL,2,'2024-01-06 15:33:12',4),(741,'Standard','PayPal',918.21,15.72,933.93,NULL,2,'2024-06-02 20:46:49',1),(742,'Overnight','Credit Card',470.55,21.95,492.50,NULL,4,'2024-03-26 01:30:38',5),(743,'Standard','PayPal',279.75,5.47,285.22,NULL,5,'2023-12-17 05:00:08',2),(744,'Overnight','Bank Transfer',105.36,17.41,122.77,NULL,5,'2024-07-31 06:24:50',3),(745,'Standard','PayPal',535.31,17.29,552.60,NULL,5,'2023-12-22 15:16:14',1),(746,'Overnight','Credit Card',524.47,23.54,548.01,NULL,3,'2024-05-25 22:16:56',1),(747,'Express','Bank Transfer',799.07,21.59,820.66,NULL,2,'2024-01-01 22:18:31',2),(748,'Overnight','Bank Transfer',395.87,20.08,415.95,NULL,4,'2023-12-22 09:36:36',2),(749,'Overnight','Credit Card',493.49,11.55,505.04,NULL,3,'2024-07-05 14:46:03',4),(750,'Overnight','PayPal',848.52,15.12,863.64,NULL,3,'2023-11-27 15:24:19',2),(751,'Express','Bank Transfer',572.60,5.30,577.90,NULL,4,'2024-07-21 05:53:57',2),(752,'Overnight','PayPal',596.67,23.60,620.27,NULL,4,'2024-08-07 14:36:00',1),(753,'Express','PayPal',828.76,28.87,857.63,NULL,0,'2023-10-10 00:41:31',5),(754,'Overnight','Bank Transfer',354.10,7.72,361.82,NULL,0,'2024-07-02 12:11:33',2),(755,'Overnight','PayPal',867.99,10.32,878.31,NULL,2,'2024-03-09 05:25:57',5),(756,'Overnight','PayPal',218.28,23.61,241.89,NULL,4,'2023-11-21 04:04:46',3),(757,'Express','Bank Transfer',710.87,15.14,726.01,NULL,2,'2024-03-07 11:50:35',2),(758,'Overnight','Credit Card',931.73,23.93,955.66,NULL,1,'2024-01-21 03:00:50',5),(759,'Express','Bank Transfer',443.27,18.07,461.34,NULL,0,'2024-03-21 01:42:12',2),(760,'Overnight','PayPal',360.06,29.41,389.47,NULL,5,'2023-08-19 06:00:32',2),(761,'Overnight','Bank Transfer',861.62,22.83,884.45,NULL,3,'2024-02-11 00:27:46',5),(762,'Overnight','Bank Transfer',495.14,26.92,522.06,NULL,3,'2024-07-06 22:18:28',2),(763,'Express','PayPal',490.37,20.68,511.05,NULL,1,'2023-12-14 20:34:03',3),(764,'Standard','Credit Card',188.29,29.35,217.64,NULL,3,'2024-02-16 08:26:43',5),(765,'Express','Bank Transfer',301.97,25.31,327.28,NULL,2,'2023-12-12 06:12:02',2),(766,'Overnight','Credit Card',124.10,18.09,142.19,NULL,3,'2024-03-13 12:03:36',3),(767,'Express','Credit Card',917.74,26.98,944.72,NULL,3,'2024-03-14 05:32:17',5),(768,'Express','PayPal',647.42,12.82,660.24,NULL,3,'2024-05-26 05:15:33',4),(769,'Express','Bank Transfer',719.85,20.63,740.48,NULL,3,'2023-10-19 22:18:49',4),(770,'Express','Credit Card',858.56,7.17,865.73,NULL,0,'2024-05-18 02:03:07',3),(771,'Standard','PayPal',518.90,28.91,547.81,NULL,4,'2024-07-13 23:55:25',4),(772,'Express','Credit Card',644.97,18.28,663.25,NULL,0,'2023-11-30 04:27:36',4),(773,'Express','Bank Transfer',274.45,22.49,296.94,NULL,0,'2024-02-21 18:36:19',1),(774,'Overnight','PayPal',738.99,17.67,756.66,NULL,0,'2023-11-23 21:38:33',3),(775,'Express','Bank Transfer',203.00,12.48,215.48,NULL,0,'2023-09-05 15:47:04',5),(776,'Overnight','PayPal',559.17,21.72,580.89,NULL,4,'2024-06-29 00:53:22',5),(777,'Overnight','Credit Card',418.34,5.54,423.88,NULL,0,'2024-06-02 10:57:22',5),(778,'Express','PayPal',123.50,10.03,133.53,NULL,4,'2024-07-05 23:21:32',3),(779,'Express','Credit Card',839.69,11.32,851.01,NULL,4,'2023-09-13 20:44:55',2),(780,'Express','PayPal',718.48,22.15,740.63,NULL,5,'2024-05-04 01:30:55',4),(781,'Express','Credit Card',911.70,15.54,927.24,NULL,1,'2023-09-30 22:44:55',1),(782,'Overnight','PayPal',413.01,16.24,429.25,NULL,2,'2024-04-18 18:49:45',2),(783,'Overnight','Bank Transfer',363.03,26.63,389.66,NULL,5,'2024-02-04 14:16:08',2),(784,'Standard','PayPal',697.22,24.43,721.65,NULL,1,'2024-05-03 16:39:33',2),(785,'Express','Credit Card',738.60,29.53,768.13,NULL,1,'2024-01-20 06:53:41',4),(786,'Overnight','PayPal',842.33,11.78,854.11,NULL,1,'2024-06-06 04:47:06',4),(787,'Overnight','Bank Transfer',912.40,17.40,929.80,NULL,3,'2024-07-12 00:20:20',5),(788,'Overnight','Bank Transfer',723.77,22.93,746.70,NULL,4,'2023-11-26 03:20:50',1),(789,'Overnight','Credit Card',259.62,22.94,282.56,NULL,2,'2024-02-03 14:23:56',3),(790,'Express','Bank Transfer',850.26,7.27,857.53,NULL,3,'2024-07-04 05:55:53',1),(791,'Standard','PayPal',266.70,29.53,296.23,NULL,0,'2024-01-10 18:25:33',1),(792,'Overnight','PayPal',382.16,23.00,405.16,NULL,5,'2023-10-10 02:10:02',1),(793,'Overnight','Bank Transfer',203.32,12.74,216.06,NULL,4,'2024-04-11 13:56:31',4),(794,'Standard','PayPal',763.73,8.60,772.33,NULL,4,'2024-04-25 04:07:45',2),(795,'Standard','PayPal',423.33,16.39,439.72,NULL,5,'2024-05-02 05:10:04',5),(796,'Standard','Credit Card',739.15,22.06,761.21,NULL,4,'2024-07-04 15:06:00',4),(797,'Standard','PayPal',358.56,27.88,386.44,NULL,5,'2024-02-22 10:51:12',2),(798,'Overnight','PayPal',734.28,21.03,755.31,NULL,4,'2023-09-10 04:44:38',3),(799,'Overnight','Bank Transfer',764.60,29.46,794.06,NULL,4,'2024-06-05 05:50:48',5),(800,'Overnight','Credit Card',702.56,29.22,731.78,NULL,0,'2023-12-13 17:00:24',4),(801,'Overnight','Bank Transfer',817.62,11.27,828.89,NULL,4,'2023-11-09 15:33:17',4),(802,'Express','PayPal',395.80,23.81,419.61,NULL,3,'2024-01-16 22:57:20',5),(803,'Overnight','Bank Transfer',155.88,9.42,165.30,NULL,2,'2024-03-19 11:43:11',5),(804,'Express','Bank Transfer',632.66,28.97,661.63,NULL,5,'2023-11-04 06:38:28',2),(805,'Express','Bank Transfer',597.36,17.82,615.18,NULL,3,'2023-12-10 06:28:01',5),(806,'Standard','PayPal',130.84,27.77,158.61,NULL,1,'2023-10-09 00:53:24',3),(807,'Express','PayPal',93.14,19.96,113.10,NULL,1,'2024-04-08 10:50:55',4),(808,'Overnight','PayPal',883.60,15.95,899.55,NULL,4,'2023-08-23 19:01:24',5),(809,'Express','Credit Card',317.65,13.29,330.94,NULL,3,'2024-03-29 13:12:06',2),(810,'Standard','Bank Transfer',376.00,25.05,401.05,NULL,0,'2024-06-12 00:36:59',5),(811,'Express','Bank Transfer',326.91,16.17,343.08,NULL,0,'2024-03-08 21:20:19',5),(812,'Standard','Credit Card',158.40,23.43,181.83,NULL,2,'2024-01-03 05:37:36',4),(813,'Standard','Bank Transfer',476.76,9.81,486.57,NULL,2,'2024-03-27 16:55:22',1),(814,'Standard','PayPal',306.79,14.85,321.64,NULL,0,'2024-07-29 16:29:38',4),(815,'Overnight','PayPal',878.47,24.66,903.13,NULL,4,'2023-10-11 19:58:13',5),(816,'Express','PayPal',408.76,21.50,430.26,NULL,0,'2024-04-22 02:30:55',3),(817,'Express','Bank Transfer',651.44,21.41,672.85,NULL,4,'2024-07-26 09:07:14',3),(818,'Standard','Credit Card',365.66,21.36,387.02,NULL,5,'2023-09-12 17:07:30',1),(819,'Express','PayPal',209.91,5.57,215.48,NULL,0,'2024-02-06 15:23:49',2),(820,'Overnight','Bank Transfer',341.80,24.53,366.33,NULL,2,'2024-03-05 07:36:36',5),(821,'Express','PayPal',346.55,11.57,358.12,NULL,4,'2024-03-26 06:27:04',1),(822,'Express','Credit Card',908.95,23.19,932.14,NULL,1,'2023-10-07 06:59:07',5),(823,'Express','Credit Card',272.04,11.78,283.82,NULL,3,'2024-03-12 08:26:53',4),(824,'Overnight','Credit Card',382.41,18.80,401.21,NULL,5,'2023-12-25 20:52:25',4),(825,'Express','PayPal',126.62,19.95,146.57,NULL,5,'2024-04-03 01:41:23',4),(826,'Standard','Credit Card',126.99,20.42,147.41,NULL,2,'2023-12-10 04:49:03',4),(827,'Overnight','Bank Transfer',549.42,27.99,577.41,NULL,4,'2024-05-22 06:56:30',4),(828,'Standard','Credit Card',140.99,27.92,168.91,NULL,4,'2024-03-24 13:06:37',5),(829,'Express','Bank Transfer',273.36,16.42,289.78,NULL,2,'2024-05-04 11:13:51',5),(830,'Overnight','Bank Transfer',732.48,11.26,743.74,NULL,2,'2024-07-21 15:56:11',3),(831,'Express','Bank Transfer',647.18,7.98,655.16,NULL,0,'2023-11-27 15:23:36',4),(832,'Standard','Bank Transfer',404.43,24.53,428.96,NULL,2,'2024-01-20 18:48:45',1),(833,'Express','Bank Transfer',188.35,13.07,201.42,NULL,4,'2023-11-09 13:41:33',1),(834,'Overnight','Bank Transfer',352.86,25.21,378.07,NULL,4,'2024-01-11 08:05:53',4),(835,'Standard','Bank Transfer',214.92,5.16,220.08,NULL,1,'2024-03-04 09:54:37',5),(836,'Overnight','Credit Card',257.75,21.68,279.43,NULL,2,'2024-05-17 01:22:06',2),(837,'Overnight','Credit Card',822.20,13.76,835.96,NULL,4,'2024-03-06 12:36:39',5),(838,'Standard','Credit Card',766.98,11.15,778.13,NULL,0,'2023-11-16 06:17:14',2),(839,'Express','Credit Card',487.27,23.05,510.32,NULL,3,'2023-11-24 13:29:19',5),(840,'Overnight','PayPal',890.31,17.81,908.12,NULL,2,'2024-01-14 06:04:44',4),(841,'Overnight','PayPal',520.75,15.45,536.20,NULL,5,'2024-01-13 19:35:03',3),(842,'Express','PayPal',493.75,12.91,506.66,NULL,5,'2023-12-02 05:14:04',2),(843,'Standard','PayPal',708.60,28.02,736.62,NULL,5,'2023-12-28 12:10:47',4),(844,'Overnight','PayPal',413.45,10.40,423.85,NULL,2,'2023-10-07 04:55:48',4),(845,'Overnight','PayPal',916.20,12.22,928.42,NULL,2,'2024-05-15 03:51:46',4),(846,'Express','Bank Transfer',602.81,12.56,615.37,NULL,1,'2023-09-13 07:30:50',4),(847,'Express','Bank Transfer',599.46,19.44,618.90,NULL,2,'2024-06-20 22:34:36',4),(848,'Express','Credit Card',935.94,24.50,960.44,NULL,4,'2023-08-21 03:11:25',2),(849,'Overnight','Credit Card',101.70,11.65,113.35,NULL,3,'2024-01-11 15:37:33',3),(850,'Overnight','PayPal',683.19,8.35,691.54,NULL,0,'2023-11-01 10:01:17',3),(851,'Overnight','Credit Card',902.66,8.71,911.37,NULL,4,'2024-01-14 11:25:10',4),(852,'Express','Credit Card',750.69,22.62,773.31,NULL,4,'2024-02-25 20:58:04',1),(853,'Express','Credit Card',322.74,27.92,350.66,NULL,4,'2024-02-21 00:08:55',2),(854,'Overnight','Bank Transfer',416.65,21.93,438.58,NULL,0,'2024-03-24 00:45:49',3),(855,'Overnight','Credit Card',607.36,10.58,617.94,NULL,1,'2024-05-10 23:53:54',3),(856,'Express','Credit Card',817.70,28.16,845.86,NULL,0,'2023-08-14 15:51:44',3),(857,'Overnight','Bank Transfer',221.07,28.89,249.96,NULL,3,'2024-07-19 07:23:22',3),(858,'Express','Credit Card',797.38,6.19,803.57,NULL,4,'2024-06-24 03:07:26',1),(859,'Express','Bank Transfer',379.96,20.73,400.69,NULL,0,'2024-06-03 11:45:09',2),(860,'Overnight','Credit Card',873.69,11.14,884.83,NULL,5,'2024-06-26 21:30:18',3),(861,'Standard','PayPal',641.56,24.95,666.51,NULL,0,'2024-05-25 10:35:02',3),(862,'Express','Bank Transfer',676.21,20.29,696.50,NULL,3,'2024-06-26 01:48:52',1),(863,'Express','PayPal',234.07,26.51,260.58,NULL,1,'2024-06-04 12:10:35',1),(864,'Express','Credit Card',375.42,21.69,397.11,NULL,5,'2023-11-03 17:50:09',5),(865,'Overnight','PayPal',659.68,12.59,672.27,NULL,5,'2023-08-28 00:28:06',5),(866,'Express','Bank Transfer',441.05,28.88,469.93,NULL,1,'2023-10-27 23:08:19',2),(867,'Standard','PayPal',614.62,24.19,638.81,NULL,2,'2024-05-07 02:16:31',2),(868,'Overnight','PayPal',803.96,12.08,816.04,NULL,5,'2024-06-12 19:14:18',2),(869,'Standard','PayPal',303.14,20.17,323.31,NULL,2,'2024-02-03 14:48:14',4),(870,'Overnight','PayPal',179.37,13.50,192.87,NULL,5,'2023-10-05 09:26:46',4),(871,'Express','Credit Card',704.53,13.99,718.52,NULL,4,'2024-06-02 10:11:10',1),(872,'Overnight','PayPal',183.24,21.71,204.95,NULL,5,'2024-06-12 09:41:15',1),(873,'Express','Bank Transfer',277.91,22.21,300.12,NULL,0,'2024-06-07 12:48:46',5),(874,'Express','PayPal',702.19,26.89,729.08,NULL,4,'2024-03-06 13:13:45',1),(875,'Standard','Bank Transfer',287.21,21.06,308.27,NULL,2,'2023-09-17 02:05:42',1),(876,'Overnight','Bank Transfer',737.16,23.32,760.48,NULL,5,'2024-08-08 09:16:34',1),(877,'Overnight','Bank Transfer',201.74,25.31,227.05,NULL,2,'2024-05-12 13:35:18',4),(878,'Overnight','PayPal',649.88,19.47,669.35,NULL,1,'2024-04-19 03:28:42',1),(879,'Overnight','Bank Transfer',899.94,25.11,925.05,NULL,3,'2024-04-27 07:26:39',3),(880,'Overnight','PayPal',477.33,6.34,483.67,NULL,0,'2024-06-09 18:59:16',3),(881,'Overnight','PayPal',830.70,8.15,838.85,NULL,5,'2024-01-07 16:15:11',3),(882,'Overnight','Credit Card',933.11,11.04,944.15,NULL,4,'2024-01-17 00:17:23',3),(883,'Express','Bank Transfer',361.35,27.90,389.25,NULL,1,'2023-10-15 13:36:54',2),(884,'Standard','PayPal',144.45,18.81,163.26,NULL,2,'2024-03-06 19:25:11',3),(885,'Overnight','Bank Transfer',700.20,21.99,722.19,NULL,5,'2024-07-08 08:03:40',4),(886,'Overnight','Credit Card',919.78,25.28,945.06,NULL,2,'2023-11-30 04:14:14',4),(887,'Overnight','Bank Transfer',939.67,16.84,956.51,NULL,2,'2024-07-04 16:06:47',5),(888,'Express','Bank Transfer',346.41,23.37,369.78,NULL,1,'2023-11-26 13:33:37',3),(889,'Standard','PayPal',348.57,21.81,370.38,NULL,4,'2024-01-02 02:56:14',4),(890,'Express','PayPal',185.10,18.13,203.23,NULL,3,'2023-12-19 14:30:30',2),(891,'Express','PayPal',93.25,29.28,122.53,NULL,1,'2024-07-28 14:29:57',2),(892,'Standard','PayPal',415.11,5.82,420.93,NULL,4,'2024-02-16 08:37:57',1),(893,'Standard','PayPal',548.32,20.64,568.96,NULL,4,'2024-02-02 08:43:33',3),(894,'Standard','Bank Transfer',449.64,5.93,455.57,NULL,5,'2023-12-26 08:05:58',3),(895,'Overnight','Credit Card',282.85,7.52,290.37,NULL,5,'2024-06-11 18:03:29',1),(896,'Express','Bank Transfer',91.66,21.62,113.28,NULL,4,'2024-04-01 20:56:32',3),(897,'Standard','PayPal',487.63,21.49,509.12,NULL,1,'2024-03-08 11:58:14',2),(898,'Express','Credit Card',113.27,17.06,130.33,NULL,2,'2024-05-20 20:47:39',2),(899,'Express','Bank Transfer',919.05,27.91,946.96,NULL,1,'2024-02-05 11:39:07',3),(900,'Overnight','PayPal',251.91,26.22,278.13,NULL,5,'2023-09-21 05:31:27',1),(901,'Overnight','PayPal',820.86,5.99,826.85,NULL,3,'2024-08-04 21:12:33',1),(902,'Standard','Bank Transfer',414.72,28.26,442.98,NULL,2,'2024-08-10 10:32:50',2),(903,'Overnight','PayPal',256.45,25.91,282.36,NULL,2,'2023-09-20 06:33:01',5),(904,'Standard','Credit Card',248.23,8.48,256.71,NULL,0,'2023-12-27 09:59:37',2),(905,'Overnight','Credit Card',508.85,29.68,538.53,NULL,1,'2023-12-07 03:08:38',4),(906,'Express','Bank Transfer',429.52,20.77,450.29,NULL,1,'2023-12-21 00:23:26',4),(907,'Overnight','Credit Card',846.99,6.73,853.72,NULL,3,'2024-02-16 01:36:25',3),(908,'Overnight','Bank Transfer',571.30,17.19,588.49,NULL,4,'2024-01-25 17:03:55',3),(909,'Standard','Bank Transfer',680.86,14.15,695.01,NULL,4,'2024-01-11 04:16:36',1),(910,'Express','PayPal',716.47,21.05,737.52,NULL,2,'2024-01-05 09:17:14',5),(911,'Standard','Credit Card',402.38,11.03,413.41,NULL,2,'2023-10-25 17:50:14',5),(912,'Standard','Credit Card',413.47,26.71,440.18,NULL,5,'2023-10-06 16:50:32',2),(913,'Express','PayPal',580.74,10.96,591.70,NULL,2,'2023-08-23 08:27:41',2),(914,'Express','Bank Transfer',948.65,28.16,976.81,NULL,2,'2023-08-15 08:44:49',5),(915,'Standard','PayPal',372.74,26.39,399.13,NULL,4,'2023-12-05 01:28:47',2),(916,'Express','Credit Card',300.54,18.02,318.56,NULL,5,'2024-03-18 01:46:16',4),(917,'Express','Bank Transfer',185.07,28.19,213.26,NULL,1,'2024-03-21 02:22:01',5),(918,'Express','Bank Transfer',926.99,12.52,939.51,NULL,4,'2023-10-02 05:16:43',2),(919,'Overnight','Bank Transfer',690.88,14.94,705.82,NULL,1,'2023-09-14 17:45:23',1),(920,'Overnight','Credit Card',835.03,17.39,852.42,NULL,0,'2023-09-20 05:47:07',2),(921,'Overnight','PayPal',926.83,20.12,946.95,NULL,5,'2023-08-15 21:36:04',3),(922,'Express','Bank Transfer',412.57,25.35,437.92,NULL,5,'2023-11-14 19:08:50',3),(923,'Express','Bank Transfer',885.35,23.06,908.41,NULL,1,'2024-02-07 18:48:50',2),(924,'Overnight','Bank Transfer',856.98,10.11,867.09,NULL,0,'2024-05-05 17:37:15',1),(925,'Overnight','PayPal',306.61,14.80,321.41,NULL,3,'2024-06-15 16:51:16',1),(926,'Standard','PayPal',678.87,8.07,686.94,NULL,3,'2024-05-11 07:48:05',2),(927,'Express','PayPal',765.65,16.68,782.33,NULL,3,'2023-12-22 17:36:54',5),(928,'Standard','Credit Card',868.10,29.78,897.88,NULL,0,'2024-02-06 13:55:08',4),(929,'Standard','Bank Transfer',260.13,13.98,274.11,NULL,3,'2024-04-24 02:27:14',4),(930,'Overnight','Bank Transfer',239.49,17.14,256.63,NULL,1,'2024-01-08 19:24:25',4),(931,'Standard','Credit Card',451.76,11.02,462.78,NULL,4,'2023-11-07 07:04:19',1),(932,'Standard','Credit Card',622.71,8.70,631.41,NULL,1,'2024-03-28 18:48:23',4),(933,'Standard','Credit Card',118.82,24.28,143.10,NULL,4,'2024-03-31 08:23:15',2),(934,'Overnight','PayPal',240.64,14.85,255.49,NULL,4,'2024-04-21 19:43:05',3),(935,'Express','Credit Card',511.33,10.94,522.27,NULL,4,'2024-06-06 10:20:17',5),(936,'Standard','Credit Card',438.50,10.68,449.18,NULL,3,'2024-03-30 22:11:53',1),(937,'Standard','Credit Card',742.33,23.26,765.59,NULL,3,'2023-11-14 07:25:49',1),(938,'Standard','Bank Transfer',646.61,26.24,672.85,NULL,3,'2024-03-25 12:18:47',1),(939,'Overnight','Credit Card',247.05,7.21,254.26,NULL,3,'2024-01-04 18:12:36',2),(940,'Overnight','PayPal',617.03,21.61,638.64,NULL,1,'2023-10-15 14:09:51',1),(941,'Standard','Bank Transfer',632.92,16.20,649.12,NULL,3,'2023-11-14 23:39:18',5),(942,'Overnight','Credit Card',163.87,19.75,183.62,NULL,5,'2023-09-05 11:27:37',5),(943,'Standard','Bank Transfer',453.40,12.44,465.84,NULL,5,'2024-07-10 18:57:42',1),(944,'Express','Credit Card',232.92,17.22,250.14,NULL,3,'2023-08-22 04:38:00',4),(945,'Standard','PayPal',136.97,10.39,147.36,NULL,0,'2023-10-08 10:28:16',1),(946,'Standard','Bank Transfer',854.15,29.80,883.95,NULL,2,'2024-02-12 18:54:30',4),(947,'Overnight','Bank Transfer',773.40,28.41,801.81,NULL,4,'2024-04-10 00:06:36',1),(948,'Express','Credit Card',465.35,27.64,492.99,NULL,0,'2024-06-11 11:08:49',1),(949,'Standard','PayPal',262.59,20.86,283.45,NULL,2,'2024-01-26 11:46:14',4),(950,'Express','Credit Card',949.32,5.27,954.59,NULL,3,'2023-08-14 23:05:05',2),(951,'Express','Credit Card',588.25,12.18,600.43,NULL,4,'2024-08-08 05:23:51',5),(952,'Standard','PayPal',301.47,19.60,321.07,NULL,2,'2024-06-13 18:24:47',4),(953,'Standard','Credit Card',602.37,27.16,629.53,NULL,3,'2023-09-10 08:49:31',5),(954,'Overnight','Credit Card',846.60,8.47,855.07,NULL,3,'2024-03-05 16:10:44',1),(955,'Standard','Bank Transfer',931.07,10.11,941.18,NULL,1,'2023-10-05 20:55:51',2),(956,'Express','PayPal',674.23,9.46,683.69,NULL,2,'2023-09-20 12:13:08',2),(957,'Standard','Credit Card',853.93,21.48,875.41,NULL,0,'2023-10-22 11:50:59',2),(958,'Standard','Credit Card',823.49,16.94,840.43,NULL,2,'2023-10-08 21:08:15',5),(959,'Standard','PayPal',299.22,7.25,306.47,NULL,2,'2024-05-28 12:24:33',2),(960,'Express','Bank Transfer',831.25,24.14,855.39,NULL,3,'2023-11-26 04:44:16',5),(961,'Express','Credit Card',235.29,29.55,264.84,NULL,4,'2023-11-01 15:35:36',3),(962,'Express','Bank Transfer',283.92,14.42,298.34,NULL,0,'2023-08-13 00:35:51',1),(963,'Express','PayPal',357.04,11.27,368.31,NULL,3,'2024-06-12 12:51:05',2),(964,'Standard','Credit Card',392.91,10.26,403.17,NULL,5,'2024-05-07 15:09:30',1),(965,'Express','PayPal',938.88,26.96,965.84,NULL,2,'2023-10-10 14:18:18',4),(966,'Express','PayPal',265.68,10.23,275.91,NULL,2,'2024-01-09 07:23:14',1),(967,'Express','Credit Card',161.30,24.14,185.44,NULL,2,'2024-02-05 01:44:30',2),(968,'Overnight','Credit Card',405.05,7.04,412.09,NULL,0,'2024-03-26 14:34:05',3),(969,'Standard','PayPal',369.22,21.92,391.14,NULL,1,'2024-05-12 08:35:42',4),(970,'Express','PayPal',790.89,23.83,814.72,NULL,4,'2023-10-19 15:11:22',3),(971,'Express','PayPal',184.84,28.48,213.32,NULL,1,'2023-10-29 03:42:05',2),(972,'Overnight','Bank Transfer',284.97,19.26,304.23,NULL,5,'2023-09-10 11:26:56',3),(973,'Overnight','Bank Transfer',914.84,29.97,944.81,NULL,1,'2023-10-26 06:28:11',5),(974,'Standard','Credit Card',924.20,13.66,937.86,NULL,2,'2024-05-01 20:33:11',5),(975,'Standard','Credit Card',771.73,14.64,786.37,NULL,0,'2023-11-21 22:18:31',2),(976,'Express','Credit Card',122.53,22.08,144.61,NULL,0,'2023-08-27 05:49:10',5),(977,'Overnight','Credit Card',549.86,10.00,559.86,NULL,1,'2024-07-15 17:36:06',2),(978,'Overnight','PayPal',409.79,11.28,421.07,NULL,3,'2023-09-21 02:28:10',2),(979,'Standard','Credit Card',302.43,6.74,309.17,NULL,5,'2024-01-02 08:14:02',1),(980,'Express','Bank Transfer',358.04,9.97,368.01,NULL,1,'2024-04-30 11:09:19',1),(981,'Overnight','PayPal',674.04,11.95,685.99,NULL,2,'2024-05-22 13:16:51',3),(982,'Overnight','PayPal',735.07,29.95,765.02,NULL,0,'2024-02-07 02:22:07',3),(983,'Express','Credit Card',507.16,7.06,514.22,NULL,4,'2023-09-17 06:07:55',3),(984,'Express','PayPal',781.56,19.99,801.55,NULL,3,'2023-09-12 09:07:30',1),(985,'Express','PayPal',845.83,14.65,860.48,NULL,1,'2024-05-24 00:09:25',5),(986,'Standard','Bank Transfer',904.13,20.39,924.52,NULL,2,'2024-08-01 00:07:11',5),(987,'Standard','Bank Transfer',103.06,16.72,119.78,NULL,5,'2023-12-07 17:12:17',2),(988,'Express','Credit Card',946.91,20.73,967.64,NULL,0,'2023-12-11 07:29:52',2),(989,'Express','Bank Transfer',114.89,13.20,128.09,NULL,4,'2024-01-25 08:50:57',1),(990,'Standard','PayPal',430.38,29.57,459.95,NULL,2,'2024-03-12 21:26:54',5),(991,'Standard','Credit Card',274.25,19.74,293.99,NULL,2,'2023-09-24 16:35:17',5),(992,'Standard','Bank Transfer',528.63,13.88,542.51,NULL,3,'2023-08-15 19:52:01',2),(993,'Standard','Bank Transfer',805.98,12.07,818.05,NULL,5,'2024-07-05 08:16:22',1),(994,'Standard','Credit Card',499.70,20.53,520.23,NULL,5,'2023-12-22 02:32:56',4),(995,'Standard','Credit Card',557.25,27.97,585.22,NULL,4,'2023-10-16 05:23:08',2),(996,'Overnight','PayPal',631.95,24.27,656.22,NULL,5,'2023-08-20 03:12:37',3),(997,'Express','Credit Card',390.46,15.97,406.43,NULL,3,'2023-12-25 04:46:45',4),(998,'Express','Credit Card',665.27,16.60,681.87,NULL,1,'2024-04-06 20:43:49',3),(999,'Standard','Bank Transfer',818.57,15.00,833.57,NULL,0,'2024-05-21 01:02:27',3),(1000,'Standard','Bank Transfer',211.93,14.22,226.15,NULL,3,'2024-07-20 09:17:29',1),(1001,'Express','Bank Transfer',177.73,16.78,194.51,NULL,2,'2023-09-11 04:00:41',5),(1002,'Express','Credit Card',357.09,17.87,374.96,NULL,1,'2024-02-04 05:28:01',4),(1003,'Overnight','Credit Card',529.00,12.52,541.52,NULL,5,'2023-10-18 05:58:17',5),(1004,'Overnight','PayPal',908.13,5.43,913.56,NULL,5,'2024-05-27 14:07:43',1),(1005,'Overnight','Credit Card',231.58,20.98,252.56,NULL,3,'2023-11-26 16:33:20',3),(1006,'Overnight','PayPal',896.55,7.24,903.79,NULL,3,'2024-02-24 03:33:16',3),(1007,'Overnight','Bank Transfer',214.14,12.09,226.23,NULL,5,'2024-06-06 12:29:29',3),(1008,'Express','Credit Card',111.22,7.69,118.91,NULL,2,'2024-03-18 04:41:35',4),(1009,'Standard','Credit Card',115.82,22.74,138.56,NULL,2,'2024-01-02 15:33:55',2),(1010,'Standard','PayPal',757.56,19.47,777.03,NULL,5,'2024-07-20 21:41:59',2),(1011,'Standard','Bank Transfer',485.51,23.19,508.70,NULL,0,'2024-07-07 13:43:18',1),(1012,'Standard','PayPal',647.56,26.48,674.04,NULL,3,'2023-09-28 11:45:16',4),(1013,'Overnight','Bank Transfer',929.60,20.36,949.96,NULL,3,'2023-10-05 09:16:25',4),(1014,'Express','Credit Card',247.36,11.79,259.15,NULL,4,'2024-02-11 00:07:17',2),(1015,'Standard','Credit Card',522.92,8.78,531.70,NULL,5,'2024-04-28 21:07:03',2),(1016,'Express','Bank Transfer',414.93,23.65,438.58,NULL,4,'2023-10-29 12:21:46',5),(1017,'Express','Credit Card',616.76,21.57,638.33,NULL,0,'2023-09-03 14:32:26',4),(1018,'Standard','PayPal',145.59,19.10,164.69,NULL,4,'2024-02-18 21:37:10',4),(1019,'Standard','PayPal',370.89,6.73,377.62,NULL,0,'2023-09-06 19:55:14',5),(1020,'Standard','PayPal',496.32,26.05,522.37,NULL,0,'2024-07-11 20:57:04',2),(1021,'Express','Bank Transfer',684.02,7.94,691.96,NULL,5,'2024-04-27 21:15:37',4),(1022,'Overnight','PayPal',323.65,28.41,352.06,NULL,0,'2023-08-19 00:51:03',3),(1023,'Standard','Credit Card',480.02,26.72,506.74,NULL,5,'2024-05-22 20:43:44',2),(1024,'Overnight','Bank Transfer',431.55,20.96,452.51,NULL,0,'2024-03-19 10:44:01',1),(1025,'Overnight','PayPal',634.87,16.78,651.65,NULL,2,'2024-07-01 20:12:58',3),(1026,'Overnight','PayPal',494.28,15.52,509.80,NULL,2,'2023-09-06 00:24:17',5),(1027,'Overnight','PayPal',626.76,11.67,638.43,NULL,4,'2023-09-02 22:58:42',2),(1028,'Standard','Credit Card',619.31,11.93,631.24,NULL,0,'2023-11-23 04:40:35',3),(1029,'Express','PayPal',906.60,9.50,916.10,NULL,2,'2024-05-30 22:49:22',5),(1030,'Overnight','Credit Card',751.26,28.93,780.19,NULL,2,'2024-02-10 20:30:01',3),(1031,'Express','PayPal',263.44,21.52,284.96,NULL,3,'2024-03-13 09:01:03',4),(1032,'Express','Bank Transfer',347.20,24.35,371.55,NULL,0,'2023-12-10 10:47:42',3),(1033,'Standard','PayPal',520.85,16.46,537.31,NULL,5,'2024-08-03 15:18:56',2),(1034,'Standard','PayPal',914.56,22.49,937.05,NULL,5,'2024-01-11 23:11:55',1),(1035,'Overnight','PayPal',806.96,15.29,822.25,NULL,1,'2023-10-08 04:07:28',5),(1036,'Standard','Bank Transfer',862.00,19.32,881.32,NULL,5,'2024-07-07 03:12:45',5),(1037,'Express','Bank Transfer',860.09,14.82,874.91,NULL,5,'2024-04-03 19:28:22',2),(1038,'Express','Bank Transfer',862.64,20.02,882.66,NULL,1,'2024-01-06 18:31:46',2),(1039,'Standard','Bank Transfer',195.09,28.96,224.05,NULL,4,'2024-02-14 03:03:55',5),(1040,'Express','Bank Transfer',148.99,10.85,159.84,NULL,2,'2024-03-21 20:07:33',5),(1041,'Standard','Credit Card',754.36,14.18,768.54,NULL,2,'2024-04-19 03:57:15',2),(1042,'Standard','Bank Transfer',658.86,26.03,684.89,NULL,5,'2024-05-05 15:37:54',1),(1043,'Express','PayPal',754.47,7.39,761.86,NULL,0,'2024-06-29 09:23:34',5),(1044,'Express','PayPal',785.58,8.29,793.87,NULL,2,'2023-10-11 14:30:33',4),(1045,'Overnight','Credit Card',175.13,16.74,191.87,NULL,4,'2023-10-11 04:57:31',4),(1046,'Express','PayPal',618.08,19.97,638.05,NULL,0,'2023-11-19 18:41:34',2),(1047,'Overnight','Credit Card',704.42,26.62,731.04,NULL,5,'2024-06-27 04:39:10',4),(1048,'Overnight','PayPal',196.51,6.78,203.29,NULL,3,'2023-10-23 01:27:13',4),(1049,'Overnight','Credit Card',295.19,15.81,311.00,NULL,5,'2024-01-14 03:54:56',3),(1050,'Express','Bank Transfer',441.89,5.86,447.75,NULL,2,'2024-06-30 02:54:49',4),(1051,'Standard','Bank Transfer',198.26,21.05,219.31,NULL,1,'2023-08-14 22:03:22',3),(1052,'Express','Credit Card',895.71,8.26,903.97,NULL,0,'2023-12-03 21:00:29',3),(1053,'Standard','Credit Card',420.78,15.19,435.97,NULL,0,'2023-10-16 23:21:28',4),(1054,'Overnight','PayPal',599.79,21.91,621.70,NULL,5,'2024-07-23 13:57:51',4),(1055,'Overnight','Credit Card',91.65,11.93,103.58,NULL,3,'2024-01-16 00:16:03',5),(1056,'Overnight','PayPal',445.06,18.87,463.93,NULL,1,'2023-10-15 04:21:06',4),(1057,'Standard','Bank Transfer',580.37,26.09,606.46,NULL,5,'2023-10-31 04:47:23',1),(1058,'Standard','Credit Card',609.55,19.89,629.44,NULL,2,'2024-01-20 20:20:04',1),(1059,'Standard','PayPal',374.09,21.25,395.34,NULL,5,'2024-02-29 19:29:19',1),(1060,'Standard','PayPal',588.37,17.40,605.77,NULL,3,'2024-08-04 14:12:00',3),(1061,'Standard','Bank Transfer',388.82,25.72,414.54,NULL,3,'2024-08-08 09:37:08',1),(1062,'Standard','PayPal',838.74,12.93,851.67,NULL,0,'2024-07-18 13:40:14',1),(1063,'Express','Credit Card',707.17,17.68,724.85,NULL,5,'2024-01-16 22:25:07',1),(1064,'Overnight','Credit Card',499.70,11.64,511.34,NULL,5,'2024-01-29 19:23:37',5),(1065,'Standard','Credit Card',183.19,26.95,210.14,NULL,3,'2023-11-29 18:18:47',1),(1066,'Overnight','PayPal',181.18,27.26,208.44,NULL,3,'2024-04-14 01:30:23',4),(1067,'Standard','Credit Card',261.32,14.32,275.64,NULL,5,'2023-10-31 00:08:24',4),(1068,'Express','PayPal',763.06,22.24,785.30,NULL,2,'2023-09-20 21:59:31',2),(1069,'Express','Credit Card',388.20,14.76,402.96,NULL,5,'2024-06-03 12:58:36',4),(1070,'Standard','Credit Card',725.41,28.37,753.78,NULL,4,'2024-03-04 17:03:25',2),(1071,'Overnight','Credit Card',410.19,29.73,439.92,NULL,3,'2023-09-23 14:45:09',5),(1072,'Overnight','Bank Transfer',726.82,13.90,740.72,NULL,4,'2023-11-25 23:47:54',5),(1073,'Standard','Bank Transfer',522.42,12.43,534.85,NULL,5,'2024-05-23 11:41:47',5),(1074,'Standard','Bank Transfer',86.53,18.33,104.86,NULL,3,'2024-03-12 22:53:24',2),(1075,'Standard','Credit Card',651.83,20.10,671.93,NULL,4,'2023-10-17 06:47:17',4),(1076,'Express','Credit Card',788.78,6.33,795.11,NULL,5,'2023-09-30 08:05:50',3),(1077,'Overnight','Credit Card',774.01,27.82,801.83,NULL,2,'2024-04-20 11:27:46',2),(1078,'Express','Credit Card',193.57,13.29,206.86,NULL,5,'2024-01-11 20:32:07',5),(1079,'Overnight','Bank Transfer',862.00,10.03,872.03,NULL,3,'2024-02-27 17:34:14',2),(1080,'Standard','Bank Transfer',122.76,15.94,138.70,NULL,3,'2023-10-11 04:05:55',3),(1081,'Express','Credit Card',273.73,14.02,287.75,NULL,0,'2023-08-14 08:47:14',5),(1082,'Overnight','Credit Card',919.68,16.68,936.36,NULL,2,'2024-04-06 16:45:23',1),(1083,'Express','PayPal',157.77,14.28,172.05,NULL,1,'2024-05-08 16:08:59',5),(1084,'Overnight','Credit Card',825.76,19.71,845.47,NULL,5,'2024-01-06 20:30:26',4),(1085,'Overnight','Credit Card',224.87,17.95,242.82,NULL,5,'2024-07-13 04:58:58',2),(1086,'Standard','PayPal',851.74,18.08,869.82,NULL,3,'2024-05-11 16:19:17',3),(1087,'Overnight','Credit Card',277.54,28.77,306.31,NULL,5,'2023-10-16 06:27:01',2),(1088,'Overnight','PayPal',291.82,11.87,303.69,NULL,2,'2024-01-26 07:52:50',1),(1089,'Express','PayPal',790.63,12.60,803.23,NULL,2,'2024-05-16 03:30:06',1),(1090,'Express','Credit Card',801.19,21.17,822.36,NULL,2,'2024-05-17 04:39:49',5),(1091,'Standard','Bank Transfer',703.44,6.58,710.02,NULL,3,'2024-04-15 08:10:48',1),(1092,'Express','Bank Transfer',322.21,26.45,348.66,NULL,5,'2024-03-27 12:54:48',5),(1093,'Standard','PayPal',231.80,29.19,260.99,NULL,5,'2023-11-18 22:32:12',1),(1094,'Overnight','Bank Transfer',923.79,19.57,943.36,NULL,1,'2023-11-30 19:59:49',5),(1095,'Standard','Credit Card',539.01,17.41,556.42,NULL,1,'2024-07-26 12:24:23',3),(1096,'Overnight','Bank Transfer',721.98,18.18,740.16,NULL,2,'2024-04-23 23:17:49',1),(1097,'Express','PayPal',537.37,29.83,567.20,NULL,4,'2023-09-30 10:45:46',4),(1098,'Standard','Credit Card',836.59,28.62,865.21,NULL,2,'2023-10-30 22:37:23',3),(1099,'Express','Bank Transfer',450.71,24.85,475.56,NULL,4,'2023-12-22 10:24:56',1),(1100,'Overnight','PayPal',145.79,6.28,152.07,NULL,1,'2024-01-24 07:42:10',3),(1101,'Standard','Credit Card',339.92,7.72,347.64,NULL,1,'2024-06-28 16:00:10',1),(1102,'Standard','Credit Card',464.47,11.77,476.24,NULL,1,'2023-12-14 13:51:04',4),(1103,'Express','PayPal',363.86,12.38,376.24,NULL,3,'2023-11-04 13:47:13',1),(1104,'Standard','Bank Transfer',403.62,18.41,422.03,NULL,2,'2024-02-07 09:38:19',1),(1105,'Standard','Bank Transfer',611.73,20.23,631.96,NULL,2,'2023-11-22 13:32:36',1),(1106,'Standard','Bank Transfer',226.57,23.53,250.10,NULL,3,'2023-12-25 11:37:21',2),(1107,'Standard','PayPal',332.42,17.47,349.89,NULL,1,'2023-12-02 03:55:32',5),(1108,'Express','Credit Card',151.00,12.22,163.22,NULL,2,'2024-06-19 05:18:43',5),(1109,'Overnight','PayPal',480.93,6.73,487.66,NULL,2,'2024-02-04 18:41:18',4),(1110,'Express','Credit Card',506.32,20.57,526.89,NULL,1,'2024-02-26 12:29:02',4),(1111,'Express','Bank Transfer',838.44,5.11,843.55,NULL,4,'2024-05-18 11:28:15',3),(1112,'Overnight','PayPal',597.70,29.67,627.37,NULL,1,'2023-09-26 15:39:22',3),(1113,'Overnight','Credit Card',605.68,29.97,635.65,NULL,4,'2023-12-29 04:58:53',2),(1114,'Express','Bank Transfer',418.81,8.00,426.81,NULL,5,'2024-01-18 13:23:49',3),(1115,'Standard','Credit Card',229.63,6.51,236.14,NULL,5,'2023-11-24 22:36:47',4),(1116,'Express','Credit Card',618.02,5.99,624.01,NULL,2,'2024-06-22 08:17:45',4),(1117,'Express','Bank Transfer',701.89,13.77,715.66,NULL,5,'2023-09-06 12:21:40',1),(1118,'Express','PayPal',802.57,19.97,822.54,NULL,5,'2023-11-06 12:45:00',5),(1119,'Express','Credit Card',417.18,7.49,424.67,NULL,5,'2024-05-31 22:47:23',2),(1120,'Overnight','Bank Transfer',922.81,17.31,940.12,NULL,2,'2024-07-05 02:22:08',5),(1121,'Overnight','Bank Transfer',340.15,28.85,369.00,NULL,2,'2024-03-10 12:17:27',1),(1122,'Express','Credit Card',315.22,15.11,330.33,NULL,0,'2023-09-07 09:41:15',2),(1123,'Overnight','PayPal',332.28,29.72,362.00,NULL,2,'2024-03-06 10:28:08',2),(1124,'Standard','PayPal',235.67,22.23,257.90,NULL,3,'2024-04-15 02:48:29',3),(1125,'Express','PayPal',319.15,12.85,332.00,NULL,2,'2023-12-12 08:49:05',2),(1126,'Express','Bank Transfer',686.90,6.97,693.87,NULL,2,'2024-06-24 03:18:38',4),(1127,'Overnight','Credit Card',305.82,11.35,317.17,NULL,5,'2024-06-27 13:33:26',2),(1128,'Express','Credit Card',869.27,29.85,899.12,NULL,4,'2023-09-03 06:25:03',1),(1129,'Express','PayPal',344.76,15.45,360.21,NULL,3,'2024-03-17 12:29:14',2),(1130,'Standard','PayPal',218.69,15.59,234.28,NULL,5,'2023-10-07 10:32:14',5),(1131,'Standard','Credit Card',333.04,5.16,338.20,NULL,1,'2023-08-20 23:20:40',5),(1132,'Express','Bank Transfer',356.36,7.86,364.22,NULL,1,'2024-03-11 23:47:27',3),(1133,'Overnight','Bank Transfer',301.68,5.20,306.88,NULL,2,'2024-04-24 23:47:44',1),(1134,'Standard','PayPal',242.19,17.20,259.39,NULL,0,'2023-11-05 07:10:54',3),(1135,'Express','Bank Transfer',659.24,24.71,683.95,NULL,1,'2024-06-28 17:47:03',2),(1136,'Standard','Credit Card',818.94,28.96,847.90,NULL,0,'2024-06-24 05:46:23',5),(1137,'Express','PayPal',105.01,23.14,128.15,NULL,1,'2023-12-25 07:34:25',5),(1138,'Standard','PayPal',772.77,19.76,792.53,NULL,1,'2024-01-04 23:09:57',5),(1139,'Express','PayPal',640.25,13.80,654.05,NULL,1,'2024-01-03 21:39:40',1),(1140,'Standard','Credit Card',528.14,7.49,535.63,NULL,1,'2023-08-28 15:39:33',4),(1141,'Standard','Credit Card',894.79,24.91,919.70,NULL,0,'2024-02-13 15:41:32',5),(1142,'Standard','Credit Card',548.78,12.07,560.85,NULL,1,'2023-09-26 15:36:26',3),(1143,'Overnight','Bank Transfer',423.35,20.26,443.61,NULL,5,'2024-06-06 21:03:50',1),(1144,'Express','PayPal',941.56,17.92,959.48,NULL,2,'2024-03-29 14:32:52',2),(1145,'Overnight','Credit Card',696.93,25.08,722.01,NULL,1,'2023-12-07 14:37:29',3),(1146,'Express','Bank Transfer',157.11,9.10,166.21,NULL,4,'2024-03-14 05:48:06',3),(1147,'Overnight','PayPal',207.20,29.37,236.57,NULL,3,'2024-07-26 14:02:50',4),(1148,'Standard','PayPal',839.67,29.20,868.87,NULL,0,'2024-06-17 02:19:33',4),(1149,'Overnight','Credit Card',486.62,6.78,493.40,NULL,3,'2024-06-16 14:17:36',1),(1150,'Standard','Credit Card',459.64,18.82,478.46,NULL,2,'2024-04-14 03:29:46',5),(1151,'Overnight','Bank Transfer',164.21,6.47,170.68,NULL,0,'2024-02-06 16:39:29',3),(1152,'Standard','PayPal',83.22,16.87,100.09,NULL,3,'2023-10-26 00:35:11',4),(1153,'Overnight','PayPal',444.92,27.60,472.52,NULL,5,'2024-02-16 03:40:21',1),(1154,'Standard','PayPal',479.87,10.56,490.43,NULL,4,'2023-09-07 09:05:10',5),(1155,'Overnight','Credit Card',865.60,27.11,892.71,NULL,1,'2023-11-12 00:57:40',1),(1156,'Standard','PayPal',746.28,22.65,768.93,NULL,0,'2024-03-03 19:18:39',1),(1157,'Standard','PayPal',316.79,27.39,344.18,NULL,2,'2024-03-04 20:04:20',3),(1158,'Overnight','Credit Card',877.48,27.33,904.81,NULL,5,'2024-04-23 13:19:47',4),(1159,'Overnight','PayPal',271.04,22.59,293.63,NULL,5,'2023-08-27 13:04:45',4),(1160,'Express','Credit Card',478.61,17.48,496.09,NULL,4,'2023-12-23 11:45:00',3),(1161,'Standard','PayPal',142.22,26.45,168.67,NULL,3,'2024-03-27 08:51:42',5),(1162,'Overnight','Credit Card',432.42,26.44,458.86,NULL,3,'2023-10-26 02:31:12',3),(1163,'Overnight','PayPal',443.10,11.37,454.47,NULL,5,'2024-01-06 03:23:09',5),(1164,'Express','Credit Card',908.45,13.37,921.82,NULL,4,'2024-07-05 18:32:23',1),(1165,'Standard','PayPal',222.68,9.70,232.38,NULL,4,'2024-03-13 15:26:13',4),(1166,'Overnight','Bank Transfer',272.77,23.82,296.59,NULL,2,'2023-11-21 09:41:59',1),(1167,'Overnight','PayPal',654.78,22.75,677.53,NULL,0,'2024-04-21 15:39:32',5),(1168,'Overnight','Bank Transfer',266.86,5.96,272.82,NULL,2,'2024-02-11 02:57:26',3),(1169,'Standard','PayPal',592.60,24.82,617.42,NULL,0,'2023-11-27 04:52:08',4),(1170,'Standard','PayPal',573.41,24.18,597.59,NULL,3,'2023-10-07 07:45:35',5),(1171,'Express','Credit Card',328.41,17.00,345.41,NULL,3,'2023-09-25 01:08:17',2),(1172,'Express','Bank Transfer',338.92,12.90,351.82,NULL,4,'2024-06-05 13:37:49',3),(1173,'Express','Bank Transfer',373.93,12.06,385.99,NULL,1,'2024-01-14 09:32:49',5),(1174,'Standard','PayPal',549.53,9.36,558.89,NULL,3,'2024-02-12 06:31:40',2),(1175,'Standard','PayPal',376.72,18.05,394.77,NULL,4,'2023-11-14 07:14:21',4),(1176,'Express','Bank Transfer',457.60,6.08,463.68,NULL,1,'2024-05-01 09:03:04',3),(1177,'Express','Credit Card',421.14,19.66,440.80,NULL,1,'2024-04-18 07:22:36',2),(1178,'Standard','PayPal',617.95,5.49,623.44,NULL,1,'2024-02-09 02:48:04',5),(1179,'Standard','PayPal',114.25,7.78,122.03,NULL,5,'2023-11-10 00:57:15',1),(1180,'Express','PayPal',700.59,14.95,715.54,NULL,2,'2024-05-08 23:03:00',3),(1181,'Overnight','Bank Transfer',644.90,14.85,659.75,NULL,5,'2024-01-07 20:31:49',5),(1182,'Overnight','PayPal',832.60,8.87,841.47,NULL,5,'2023-11-22 10:29:37',3),(1183,'Overnight','Bank Transfer',941.65,26.47,968.12,NULL,4,'2024-06-07 21:47:39',2),(1184,'Express','Credit Card',662.94,6.78,669.72,NULL,3,'2023-09-17 06:03:42',3),(1185,'Standard','Credit Card',700.27,27.49,727.76,NULL,2,'2024-02-07 12:33:32',1),(1186,'Overnight','PayPal',143.64,11.73,155.37,NULL,0,'2024-03-20 00:05:46',1),(1187,'Express','PayPal',737.69,22.59,760.28,NULL,4,'2024-01-02 01:17:11',5),(1188,'Standard','PayPal',776.61,12.83,789.44,NULL,0,'2023-11-08 10:18:58',5),(1189,'Standard','PayPal',947.12,20.93,968.05,NULL,2,'2023-09-09 05:51:00',2),(1190,'Overnight','Bank Transfer',926.95,19.07,946.02,NULL,4,'2023-12-08 08:02:09',4),(1191,'Express','Credit Card',190.88,13.39,204.27,NULL,3,'2023-09-25 04:28:26',3),(1192,'Overnight','Credit Card',517.29,16.31,533.60,NULL,0,'2024-05-24 13:03:06',1),(1193,'Standard','Credit Card',100.36,18.16,118.52,NULL,3,'2024-05-15 00:27:19',2),(1194,'Standard','Credit Card',713.64,26.67,740.31,NULL,2,'2024-03-28 08:37:13',3);
/*!40000 ALTER TABLE `orders` ENABLE KEYS */;
UNLOCK TABLES;

--
-- Table structure for table `payment`
--

DROP TABLE IF EXISTS `payment`;
/*!40101 SET @saved_cs_client     = @@character_set_client */;
/*!50503 SET character_set_client = utf8mb4 */;
CREATE TABLE `payment` (
  `id` int NOT NULL AUTO_INCREMENT,
  `amount` int NOT NULL,
  `rec_trade_id` varchar(255) NOT NULL,
  `bank_transaction_id` varchar(255) NOT NULL,
  `card_identifier` varchar(255) NOT NULL,
  `created_at` timestamp NULL DEFAULT CURRENT_TIMESTAMP,
  `order_id` bigint unsigned NOT NULL,
  PRIMARY KEY (`id`)
) ENGINE=InnoDB AUTO_INCREMENT=5 DEFAULT CHARSET=utf8mb4 COLLATE=utf8mb4_0900_ai_ci;
/*!40101 SET character_set_client = @saved_cs_client */;

--
-- Dumping data for table `payment`
--

LOCK TABLES `payment` WRITE;
/*!40000 ALTER TABLE `payment` DISABLE KEYS */;
INSERT INTO `payment` VALUES (1,1300,'D20240807LOAGZE','TP20240807LOAGZE','dee921560b074be7a860a6b44a80c21b','2024-08-07 06:31:34',10),(2,1300,'D20240807bShKhD','TP20240807bShKhD','dee921560b074be7a860a6b44a80c21b','2024-08-07 07:32:46',17),(3,1300,'D20240807sd0wIk','TP20240807sd0wIk','dee921560b074be7a860a6b44a80c21b','2024-08-07 07:41:38',26),(4,1300,'D20240807lLv69v','TP20240807lLv69v','dee921560b074be7a860a6b44a80c21b','2024-08-07 08:36:22',57);
/*!40000 ALTER TABLE `payment` ENABLE KEYS */;
UNLOCK TABLES;

--
-- Table structure for table `places`
--

DROP TABLE IF EXISTS `places`;
/*!40101 SET @saved_cs_client     = @@character_set_client */;
/*!50503 SET character_set_client = utf8mb4 */;
CREATE TABLE `places` (
  `id` int unsigned NOT NULL AUTO_INCREMENT,
  `name` varchar(255) NOT NULL,
  PRIMARY KEY (`id`)
) ENGINE=InnoDB AUTO_INCREMENT=3 DEFAULT CHARSET=utf8mb4 COLLATE=utf8mb4_0900_ai_ci;
/*!40101 SET character_set_client = @saved_cs_client */;

--
-- Dumping data for table `places`
--

LOCK TABLES `places` WRITE;
/*!40000 ALTER TABLE `places` DISABLE KEYS */;
INSERT INTO `places` VALUES (1,'中國'),(2,'越南');
/*!40000 ALTER TABLE `places` ENABLE KEYS */;
UNLOCK TABLES;

--
-- Table structure for table `product_colors`
--

DROP TABLE IF EXISTS `product_colors`;
/*!40101 SET @saved_cs_client     = @@character_set_client */;
/*!50503 SET character_set_client = utf8mb4 */;
CREATE TABLE `product_colors` (
  `fk_product_id` bigint unsigned NOT NULL,
  `fk_color_code` varchar(6) NOT NULL,
  PRIMARY KEY (`fk_product_id`,`fk_color_code`),
  KEY `product_colors_ibfk_2` (`fk_color_code`),
  CONSTRAINT `product_colors_ibfk_1` FOREIGN KEY (`fk_product_id`) REFERENCES `products` (`id`),
  CONSTRAINT `product_colors_ibfk_2` FOREIGN KEY (`fk_color_code`) REFERENCES `colors` (`code`)
) ENGINE=InnoDB DEFAULT CHARSET=utf8mb4 COLLATE=utf8mb4_0900_ai_ci;
/*!40101 SET character_set_client = @saved_cs_client */;

--
-- Dumping data for table `product_colors`
--

LOCK TABLES `product_colors` WRITE;
/*!40000 ALTER TABLE `product_colors` DISABLE KEYS */;
INSERT INTO `product_colors` VALUES (3,'334455'),(8,'334455'),(17,'334455'),(4,'bb7744'),(9,'bb7744'),(1,'cccccc'),(2,'cccccc'),(3,'cccccc'),(4,'cccccc'),(6,'cccccc'),(7,'cccccc'),(15,'cccccc'),(17,'cccccc'),(3,'ddf0ff'),(5,'ddf0ff'),(9,'ddf0ff'),(12,'ddf0ff'),(14,'ddf0ff'),(16,'ddf0ff'),(17,'ddf0ff'),(1,'ddffbb'),(2,'ddffbb'),(4,'ddffbb'),(7,'ddffbb'),(14,'ddffbb'),(11,'ffdddd'),(13,'ffdddd'),(1,'ffffff'),(5,'ffffff'),(6,'ffffff'),(7,'ffffff'),(11,'ffffff'),(12,'ffffff'),(13,'ffffff'),(15,'ffffff'),(16,'ffffff');
/*!40000 ALTER TABLE `product_colors` ENABLE KEYS */;
UNLOCK TABLES;

--
-- Table structure for table `product_images`
--

DROP TABLE IF EXISTS `product_images`;
/*!40101 SET @saved_cs_client     = @@character_set_client */;
/*!50503 SET character_set_client = utf8mb4 */;
CREATE TABLE `product_images` (
  `id` bigint unsigned NOT NULL AUTO_INCREMENT,
  `image_url` varchar(255) NOT NULL,
  `fk_product_id` bigint unsigned NOT NULL,
  PRIMARY KEY (`id`),
  KEY `product_id` (`fk_product_id`),
  CONSTRAINT `product_images_ibfk_1` FOREIGN KEY (`fk_product_id`) REFERENCES `products` (`id`)
) ENGINE=InnoDB AUTO_INCREMENT=52 DEFAULT CHARSET=utf8mb4 COLLATE=utf8mb4_0900_ai_ci;
/*!40101 SET character_set_client = @saved_cs_client */;

--
-- Dumping data for table `product_images`
--

LOCK TABLES `product_images` WRITE;
/*!40000 ALTER TABLE `product_images` DISABLE KEYS */;
INSERT INTO `product_images` VALUES (1,'https://stylish-matcha.s3.ap-northeast-3.amazonaws.com/373bcd73616a47cf855378a2575cd966.jpg',1),(2,'https://stylish-matcha.s3.ap-northeast-3.amazonaws.com/f70b221564164ae8875fed8158f8d2de.jpg',1),(3,'https://stylish-matcha.s3.ap-northeast-3.amazonaws.com/bd8a9e91a98146d2a14888db4159193d.jpg',1),(4,'https://stylish-matcha.s3.ap-northeast-3.amazonaws.com/4f87815ab0294e26914c473e7ae37c23.jpg',2),(5,'https://stylish-matcha.s3.ap-northeast-3.amazonaws.com/84d1fe11f26b4dab9e2f268a82b9ec6d.jpg',2),(6,'https://stylish-matcha.s3.ap-northeast-3.amazonaws.com/519bd6cfed6a467cb38adc0807568723.jpg',2),(7,'https://stylish-matcha.s3.ap-northeast-3.amazonaws.com/44729514519843a594efcdf37c2f3f5d.jpg',4),(8,'https://stylish-matcha.s3.ap-northeast-3.amazonaws.com/65b950af3b6c47eababaa8a9752732c5.jpg',4),(9,'https://stylish-matcha.s3.ap-northeast-3.amazonaws.com/0e298f1316b64c1099013b59d151896b.jpg',4),(10,'https://stylish-matcha.s3.ap-northeast-3.amazonaws.com/27ac96337ad849b6a237461ae19dfc83.jpg',5),(11,'https://stylish-matcha.s3.ap-northeast-3.amazonaws.com/70bc698295f646e9bf4907c6b6cbc603.jpg',5),(12,'https://stylish-matcha.s3.ap-northeast-3.amazonaws.com/b0bef208b09149d0aaa12e3d6b426007.jpg',5),(13,'https://stylish-matcha.s3.ap-northeast-3.amazonaws.com/667621c0e1ff434798330d7a0642cb5b.jpg',6),(14,'https://stylish-matcha.s3.ap-northeast-3.amazonaws.com/db74f4bda3fc4a94b0b9262a4bc2e103.jpg',6),(15,'https://stylish-matcha.s3.ap-northeast-3.amazonaws.com/a9b0bd4765934197b39669fad73a58ae.jpg',6),(16,'https://stylish-matcha.s3.ap-northeast-3.amazonaws.com/42bab1e3c3a743e69d40af55577c4c6f.jpg',7),(17,'https://stylish-matcha.s3.ap-northeast-3.amazonaws.com/5375c6a2688d4d408d70c112eb0b62f8.jpg',7),(18,'https://stylish-matcha.s3.ap-northeast-3.amazonaws.com/d68744a476c5428a9c9f92fc63bfe839.jpg',7),(19,'https://stylish-matcha.s3.ap-northeast-3.amazonaws.com/4b9a122d6d1547888f06ae40286d340d.jpg',8),(20,'https://stylish-matcha.s3.ap-northeast-3.amazonaws.com/3e2ba61163074d8db1c1d426e3714108.jpg',8),(21,'https://stylish-matcha.s3.ap-northeast-3.amazonaws.com/56cbf3bda1864bcbaaeb88636aa9597d.jpg',8),(22,'https://stylish-matcha.s3.ap-northeast-3.amazonaws.com/0e72253d282341aeae9e163d1d2fe643.jpg',9),(23,'https://stylish-matcha.s3.ap-northeast-3.amazonaws.com/8330c53d4d5346ec9d9ca9d7c67c91e1.jpg',9),(24,'https://stylish-matcha.s3.ap-northeast-3.amazonaws.com/0715550ae9b04993a8ac5561edc0e16c.jpg',9),(25,'https://stylish-matcha.s3.ap-northeast-3.amazonaws.com/348d5de9af6446548a2ba98d8a37dd33.jpg',10),(26,'https://stylish-matcha.s3.ap-northeast-3.amazonaws.com/506cbf91335e43f182c0f6f24784e973.jpg',10),(27,'https://stylish-matcha.s3.ap-northeast-3.amazonaws.com/14b78fb614f54aa3ae3801edcdb1b253.jpg',10),(28,'https://stylish-matcha.s3.ap-northeast-3.amazonaws.com/09dbd5befc5047168af8a5c0df877685.jpg',11),(29,'https://stylish-matcha.s3.ap-northeast-3.amazonaws.com/750c2d771ff542e2b54fed435a9cec13.jpg',11),(30,'https://stylish-matcha.s3.ap-northeast-3.amazonaws.com/fb8902b7fe2240d489acd74b1320159f.jpg',11),(31,'https://stylish-matcha.s3.ap-northeast-3.amazonaws.com/387b4d330a8a4c2e88563880c9cc786c.jpg',12),(32,'https://stylish-matcha.s3.ap-northeast-3.amazonaws.com/62aa8f04f85f41bf90f771ebea8f1056.jpg',12),(33,'https://stylish-matcha.s3.ap-northeast-3.amazonaws.com/6a8a37749a1e433a9dca125323072395.jpg',12),(34,'https://stylish-matcha.s3.ap-northeast-3.amazonaws.com/869e052efcca4feba3e52212058abab3.jpg',13),(35,'https://stylish-matcha.s3.ap-northeast-3.amazonaws.com/afcd218fe16341019fc1681c8ae385a9.jpg',13),(36,'https://stylish-matcha.s3.ap-northeast-3.amazonaws.com/08d3bbda2d8c426eadb476a5b2cd35ba.jpg',13),(37,'https://stylish-matcha.s3.ap-northeast-3.amazonaws.com/39495ece40e247d09d53a9ebdbf328a6.jpg',14),(38,'https://stylish-matcha.s3.ap-northeast-3.amazonaws.com/55d0a34de04c4331b6a4eaa39f30778b.jpg',14),(39,'https://stylish-matcha.s3.ap-northeast-3.amazonaws.com/bb2ecad20b3c4ebd88e14489cfd0e1b4.jpg',14),(40,'https://stylish-matcha.s3.ap-northeast-3.amazonaws.com/d67eb7570d4c4316ad45b12ff505226d.jpg',15),(41,'https://stylish-matcha.s3.ap-northeast-3.amazonaws.com/a6d7080e8373450fbd6451853fe08600.jpg',15),(42,'https://stylish-matcha.s3.ap-northeast-3.amazonaws.com/5ecb3253bd604a5382557dc6f194b0e5.jpg',15),(43,'https://stylish-matcha.s3.ap-northeast-3.amazonaws.com/2945af3ddbd0410998554c487a5d8cf1.jpg',16),(44,'https://stylish-matcha.s3.ap-northeast-3.amazonaws.com/2a99f1f0fc304b05ba7076e7562f3292.jpg',16),(45,'https://stylish-matcha.s3.ap-northeast-3.amazonaws.com/ba111fe335d34ee69fc97e1c1763a22b.jpg',16),(46,'https://stylish-matcha.s3.ap-northeast-3.amazonaws.com/be4d8d2afdb14953af697a6fc7c31e51.jpg',17),(47,'https://stylish-matcha.s3.ap-northeast-3.amazonaws.com/52e893e644d04a7bb8529bffaf5d1aa0.jpg',17),(48,'https://stylish-matcha.s3.ap-northeast-3.amazonaws.com/b4754617b95444fabcd5dd82976874f5.jpg',17),(49,'https://stylish-matcha.s3.ap-northeast-3.amazonaws.com/1383a2df87ea49228b4a6bda7fa0948e.jpg',8),(50,'https://stylish-matcha.s3.ap-northeast-3.amazonaws.com/f99681b9aa864111a3744796ba643251.jpg',9),(51,'https://stylish-matcha.s3.ap-northeast-3.amazonaws.com/9e301d2849e443b0b446c4e181ee72d4.jpg',2);
/*!40000 ALTER TABLE `product_images` ENABLE KEYS */;
UNLOCK TABLES;

--
-- Table structure for table `product_sizes`
--

DROP TABLE IF EXISTS `product_sizes`;
/*!40101 SET @saved_cs_client     = @@character_set_client */;
/*!50503 SET character_set_client = utf8mb4 */;
CREATE TABLE `product_sizes` (
  `fk_product_id` bigint unsigned NOT NULL,
  `fk_size_id` int unsigned NOT NULL,
  PRIMARY KEY (`fk_product_id`,`fk_size_id`),
  KEY `fk_size_id` (`fk_size_id`),
  CONSTRAINT `fk_product_id` FOREIGN KEY (`fk_product_id`) REFERENCES `products` (`id`),
  CONSTRAINT `fk_size_id` FOREIGN KEY (`fk_size_id`) REFERENCES `sizes` (`id`)
) ENGINE=InnoDB DEFAULT CHARSET=utf8mb4 COLLATE=utf8mb4_0900_ai_ci;
/*!40101 SET character_set_client = @saved_cs_client */;

--
-- Dumping data for table `product_sizes`
--

LOCK TABLES `product_sizes` WRITE;
/*!40000 ALTER TABLE `product_sizes` DISABLE KEYS */;
INSERT INTO `product_sizes` VALUES (1,1),(2,1),(4,1),(5,1),(6,1),(7,1),(8,1),(11,1),(12,1),(13,1),(16,1),(17,1),(1,2),(2,2),(4,2),(5,2),(6,2),(7,2),(8,2),(9,2),(10,2),(13,2),(14,2),(15,2),(16,2),(17,2),(1,3),(2,3),(5,3),(6,3),(7,3),(8,3),(9,3),(10,3),(14,3),(15,3),(16,3),(17,3);
/*!40000 ALTER TABLE `product_sizes` ENABLE KEYS */;
UNLOCK TABLES;

--
-- Table structure for table `products`
--

DROP TABLE IF EXISTS `products`;
/*!40101 SET @saved_cs_client     = @@character_set_client */;
/*!50503 SET character_set_client = utf8mb4 */;
CREATE TABLE `products` (
  `id` bigint unsigned NOT NULL AUTO_INCREMENT,
  `title` varchar(255) NOT NULL,
  `fk_category_id` int unsigned NOT NULL,
  `price` decimal(10,0) NOT NULL,
  `texture` varchar(255) NOT NULL,
  `wash` varchar(255) NOT NULL,
  `fk_place_id` int unsigned NOT NULL,
  `note` text,
  `story` text,
  `fk_main_image_id` bigint unsigned DEFAULT NULL,
  `description` varchar(255) DEFAULT NULL,
  PRIMARY KEY (`id`)
) ENGINE=InnoDB AUTO_INCREMENT=18 DEFAULT CHARSET=utf8mb4 COLLATE=utf8mb4_0900_ai_ci;
/*!40101 SET character_set_client = @saved_cs_client */;

--
-- Dumping data for table `products`
--

LOCK TABLES `products` WRITE;
/*!40000 ALTER TABLE `products` DISABLE KEYS */;
INSERT INTO `products` VALUES (1,'前開衩扭結洋裝',2,799,'棉 100%','手洗，溫水',1,'實品顏色依單品照為主','O.N.S is all about options, which is why we took our staple polo shirt and upgraded it with slubby linen jersey, making it even lighter for those who prefer their summer style extra-breezy.',3,'厚薄：薄\\r\\n彈性：無'),(2,'透肌澎澎防曬襯衫',2,599,'棉 100%','手洗，溫水',1,'實品顏色依單品照為主','O.N.S is all about options, which is why we took our staple polo shirt and upgraded it with slubby linen jersey, making it even lighter for those who prefer their summer style extra-breezy.',6,'厚薄：薄\\r\\n彈性：無'),(4,'小扇紋細織上衣',2,599,'棉 100%','手洗，溫水',1,'實品顏色依單品照為主','O.N.S is all about options, which is why we took our staple polo shirt and upgraded it with slubby linen jersey, making it even lighter for those who prefer their summer style extra-breezy.',9,'厚薄：薄\\r\\n彈性：無'),(5,'純色輕薄百搭襯衫',1,799,'棉 100%','手洗，溫水',1,'實品顏色依單品照為主','O.N.S is all about options, which is why we took our staple polo shirt and upgraded it with slubby linen jersey, making it even lighter for those who prefer their summer style extra-breezy.',12,'厚薄：薄\\r\\n彈性：無'),(6,'時尚輕鬆休閒西裝',1,2399,'棉 100%','手洗，溫水',1,'實品顏色依單品照為主','O.N.S is all about options, which is why we took our staple polo shirt and upgraded it with slubby linen jersey, making it even lighter for those who prefer their summer style extra-breezy.',15,'厚薄：薄\\r\\n彈性：無'),(8,'經典商務西裝',1,3999,'棉 100%','手洗，溫水',1,'實品顏色依單品照為主','O.N.S is all about options, which is why we took our staple polo shirt and upgraded it with slubby linen jersey, making it even lighter for those who prefer their summer style extra-breezy.',21,'厚薄：薄\\r\\n彈性：無'),(9,'夏日海灘戶外遮陽帽',3,1499,'棉 100%','手洗，溫水',1,'實品顏色依單品照為主','O.N.S is all about options, which is why we took our staple polo shirt and upgraded it with slubby linen jersey, making it even lighter for those who prefer their summer style extra-breezy.',24,'厚薄：薄\\r\\n彈性：無'),(10,'經典牛仔帽',3,799,'棉 100%','手洗，溫水',1,'實品顏色依單品照為主','O.N.S is all about options, which is why we took our staple polo shirt and upgraded it with slubby linen jersey, making it even lighter for those who prefer their summer style extra-breezy.',27,'厚薄：薄\\r\\n彈性：無'),(11,'卡哇伊多功能隨身包',3,1299,'棉 100%','手洗，溫水',1,'實品顏色依單品照為主','O.N.S is all about options, which is why we took our staple polo shirt and upgraded it with slubby linen jersey, making it even lighter for those who prefer their summer style extra-breezy.',30,'厚薄：薄\\r\\n彈性：無'),(12,'柔軟氣質羊毛圍巾',3,1799,'棉 100%','手洗，溫水',1,'實品顏色依單品照為主','O.N.S is all about options, which is why we took our staple polo shirt and upgraded it with slubby linen jersey, making it even lighter for those who prefer their summer style extra-breezy.',33,'厚薄：薄\\r\\n彈性：無'),(13,'精緻扭結洋裝',2,999,'棉 100%','手洗',2,'實品顏色依單品照為主','O.N.S is all about options, which is why we took our staple polo shirt and upgraded it with slubby linen jersey, making it even lighter for those who prefer their summer style extra-breezy.',36,'厚薄：薄\\r\\n彈性：無'),(14,'透肌澎澎薄紗襯衫',2,999,'棉 100%','手洗',2,'實品顏色依單品照為主','O.N.S is all about options, which is why we took our staple polo shirt and upgraded it with slubby linen jersey, making it even lighter for those who prefer their summer style extra-breezy.',39,'厚薄：薄\\r\\n彈性：無'),(15,'小扇紋質感上衣',2,999,'棉 100%','手洗',2,'實品顏色依單品照為主','O.N.S is all about options, which is why we took our staple polo shirt and upgraded it with slubby linen jersey, making it even lighter for those who prefer their summer style extra-breezy.',42,'厚薄：薄\\r\\n彈性：無'),(16,'經典修身長筒牛仔褲',2,1999,'棉 100%','手洗',2,'實品顏色依單品照為主','O.N.S is all about options, which is why we took our staple polo shirt and upgraded it with slubby linen jersey, making it even lighter for those who prefer their summer style extra-breezy.',45,'厚薄：薄\\r\\n彈性：無'),(17,'活力花紋長筒牛仔褲',2,1299,'棉 100%','手洗，溫水',1,'實品顏色依單品照為主','O.N.S is all about options, which is why we took our staple polo shirt and upgraded it with slubby linen jersey, making it even lighter for those who prefer their summer style extra-breezy.',48,'厚薄：薄\\r\\n彈性：無');
/*!40000 ALTER TABLE `products` ENABLE KEYS */;
UNLOCK TABLES;

--
-- Table structure for table `recipients`
--

DROP TABLE IF EXISTS `recipients`;
/*!40101 SET @saved_cs_client     = @@character_set_client */;
/*!50503 SET character_set_client = utf8mb4 */;
CREATE TABLE `recipients` (
  `recipient_id` int NOT NULL AUTO_INCREMENT,
  `name` varchar(100) DEFAULT NULL,
  `phone` varchar(20) DEFAULT NULL,
  `email` varchar(100) DEFAULT NULL,
  `address` text,
  `time` varchar(50) DEFAULT NULL,
  PRIMARY KEY (`recipient_id`)
) ENGINE=InnoDB AUTO_INCREMENT=84 DEFAULT CHARSET=utf8mb4 COLLATE=utf8mb4_0900_ai_ci;
/*!40101 SET character_set_client = @saved_cs_client */;

--
-- Dumping data for table `recipients`
--

LOCK TABLES `recipients` WRITE;
/*!40000 ALTER TABLE `recipients` DISABLE KEYS */;
INSERT INTO `recipients` VALUES (10,'Luke','0987654321','luke@gmail.com','市政府站','morning'),(17,'Luke','0987654321','luke@gmail.com','市政府站','morning'),(26,'Luke','0987654321','luke@gmail.com','市政府站','morning'),(27,'Luke','0987654321','luke@gmail.com','市政府站','morning'),(28,'Luke','0987654321','luke@gmail.com','市政府站','morning'),(29,'Luke','0987654321','luke@gmail.com','市政府站','morning'),(30,'Luke','0987654321','luke@gmail.com','市政府站','morning'),(31,'Luke','0987654321','luke@gmail.com','市政府站','morning'),(35,'Luke','0987654321','luke@gmail.com','市政府站','morning'),(36,'Luke','0987654321','luke@gmail.com','市政府站','morning'),(37,'Luke','0987654321','luke@gmail.com','市政府站','morning'),(38,'Luke','0987654321','luke@gmail.com','市政府站','morning'),(39,'Luke','0987654321','luke@gmail.com','市政府站','morning'),(40,'Luke','0987654321','luke@gmail.com','市政府站','morning'),(41,'Luke','0987654321','luke@gmail.com','市政府站','morning'),(42,'Luke','0987654321','luke@gmail.com','市政府站','morning'),(43,'Luke','0987654321','luke@gmail.com','市政府站','morning'),(44,'Luke','0987654321','luke@gmail.com','市政府站','morning'),(45,'Luke','0987654321','luke@gmail.com','市政府站','morning'),(46,'Luke','0987654321','luke@gmail.com','市政府站','morning'),(47,'Luke','0987654321','luke@gmail.com','市政府站','morning'),(48,'Luke','0987654321','luke@gmail.com','市政府站','morning'),(49,'Luke','0987654321','luke@gmail.com','市政府站','morning'),(50,'Luke','0987654321','luke@gmail.com','市政府站','morning'),(51,'Luke','0987654321','luke@gmail.com','市政府站','morning'),(52,'Luke','0987654321','luke@gmail.com','市政府站','morning'),(53,'Luke','0987654321','luke@gmail.com','市政府站','morning'),(54,'Luke','0987654321','luke@gmail.com','市政府站','morning'),(55,'Luke','0987654321','luke@gmail.com','市政府站','morning'),(56,'Luke','0987654321','luke@gmail.com','市政府站','morning'),(57,'Luke','0987654321','luke@gmail.com','市政府站','morning'),(58,'Luke','0987654321','luke@gmail.com','市政府站','morning'),(66,'Luke','0987654321','luke@gmail.com','市政府站','morning'),(67,'Luke','0987654321','luke@gmail.com','市政府站','morning'),(68,'Luke','0987654321','luke@gmail.com','市政府站','morning'),(70,'Luke','0987654321','luke@gmail.com','市政府站','morning'),(77,'Luke','0987654321','luke@gmail.com','市政府站','morning'),(78,'Luke','0987654321','luke@gmail.com','市政府站','morning'),(79,'Luke','0987654321','luke@gmail.com','市政府站','morning'),(80,'Luke','0987654321','luke@gmail.com','市政府站','morning'),(81,'Luke','0987654321','luke@gmail.com','市政府站','morning'),(82,'Luke','0987654321','luke@gmail.com','市政府站','morning'),(83,'Luke','0987654321','luke@gmail.com','市政府站','morning');
/*!40000 ALTER TABLE `recipients` ENABLE KEYS */;
UNLOCK TABLES;

--
-- Table structure for table `roles`
--

DROP TABLE IF EXISTS `roles`;
/*!40101 SET @saved_cs_client     = @@character_set_client */;
/*!50503 SET character_set_client = utf8mb4 */;
CREATE TABLE `roles` (
  `id` int NOT NULL AUTO_INCREMENT,
  `name` varchar(255) NOT NULL,
  `description` text,
  PRIMARY KEY (`id`),
  UNIQUE KEY `name` (`name`)
) ENGINE=InnoDB AUTO_INCREMENT=3 DEFAULT CHARSET=utf8mb4 COLLATE=utf8mb4_0900_ai_ci;
/*!40101 SET character_set_client = @saved_cs_client */;

--
-- Dumping data for table `roles`
--

LOCK TABLES `roles` WRITE;
/*!40000 ALTER TABLE `roles` DISABLE KEYS */;
INSERT INTO `roles` VALUES (1,'ADMIN','administrator'),(2,'USER','user');
/*!40000 ALTER TABLE `roles` ENABLE KEYS */;
UNLOCK TABLES;

--
-- Table structure for table `sizes`
--

DROP TABLE IF EXISTS `sizes`;
/*!40101 SET @saved_cs_client     = @@character_set_client */;
/*!50503 SET character_set_client = utf8mb4 */;
CREATE TABLE `sizes` (
  `id` int unsigned NOT NULL AUTO_INCREMENT,
  `size` varchar(255) NOT NULL,
  PRIMARY KEY (`id`)
) ENGINE=InnoDB AUTO_INCREMENT=4 DEFAULT CHARSET=utf8mb4 COLLATE=utf8mb4_0900_ai_ci;
/*!40101 SET character_set_client = @saved_cs_client */;

--
-- Dumping data for table `sizes`
--

LOCK TABLES `sizes` WRITE;
/*!40000 ALTER TABLE `sizes` DISABLE KEYS */;
INSERT INTO `sizes` VALUES (1,'S'),(2,'M'),(3,'L');
/*!40000 ALTER TABLE `sizes` ENABLE KEYS */;
UNLOCK TABLES;

--
-- Table structure for table `user_roles`
--

DROP TABLE IF EXISTS `user_roles`;
/*!40101 SET @saved_cs_client     = @@character_set_client */;
/*!50503 SET character_set_client = utf8mb4 */;
CREATE TABLE `user_roles` (
  `id` int NOT NULL AUTO_INCREMENT,
  `user_id` bigint unsigned NOT NULL,
  `role_id` smallint NOT NULL,
  PRIMARY KEY (`id`)
) ENGINE=InnoDB AUTO_INCREMENT=4 DEFAULT CHARSET=utf8mb4 COLLATE=utf8mb4_0900_ai_ci;
/*!40101 SET character_set_client = @saved_cs_client */;

--
-- Dumping data for table `user_roles`
--

LOCK TABLES `user_roles` WRITE;
/*!40000 ALTER TABLE `user_roles` DISABLE KEYS */;
INSERT INTO `user_roles` VALUES (2,1,1),(3,2,2);
/*!40000 ALTER TABLE `user_roles` ENABLE KEYS */;
UNLOCK TABLES;

--
-- Table structure for table `users`
--

DROP TABLE IF EXISTS `users`;
/*!40101 SET @saved_cs_client     = @@character_set_client */;
/*!50503 SET character_set_client = utf8mb4 */;
CREATE TABLE `users` (
  `id` bigint NOT NULL AUTO_INCREMENT,
  `provider` varchar(255) DEFAULT NULL,
  `name` varchar(255) NOT NULL,
  `email` varchar(255) NOT NULL,
  `picture` varchar(255) DEFAULT NULL,
  `password` varchar(255) DEFAULT NULL,
  PRIMARY KEY (`id`),
  UNIQUE KEY `email` (`email`)
) ENGINE=InnoDB AUTO_INCREMENT=5 DEFAULT CHARSET=utf8mb4 COLLATE=utf8mb4_0900_ai_ci;
/*!40101 SET character_set_client = @saved_cs_client */;

--
-- Dumping data for table `users`
--

LOCK TABLES `users` WRITE;
/*!40000 ALTER TABLE `users` DISABLE KEYS */;
INSERT INTO `users` VALUES (1,'native','matchaneko','matchaneko@gmail.com','null','$2a$10$.5poVjR8eLQbh4rPER..leSniGg2SHWMbjwGn3WOuhul4GxT14Kum'),(2,'native','test','test@gmail.com','null','$2a$10$vmaEhZQxdfJppro3AvCG4e7BDes52m/Wbl1K3G729NVDrshv0u3ce');
/*!40000 ALTER TABLE `users` ENABLE KEYS */;
UNLOCK TABLES;

--
-- Table structure for table `variants`
--

DROP TABLE IF EXISTS `variants`;
/*!40101 SET @saved_cs_client     = @@character_set_client */;
/*!50503 SET character_set_client = utf8mb4 */;
CREATE TABLE `variants` (
  `id` int unsigned NOT NULL AUTO_INCREMENT,
  `fk_product_id` bigint unsigned NOT NULL,
  `fk_color_code` varchar(255) DEFAULT NULL,
  `fk_size_id` int unsigned NOT NULL,
  `stock` int NOT NULL,
  PRIMARY KEY (`id`),
  KEY `product_id` (`fk_product_id`),
  KEY `color_id` (`fk_color_code`),
  KEY `size_id` (`fk_size_id`)
) ENGINE=InnoDB AUTO_INCREMENT=85 DEFAULT CHARSET=utf8mb4 COLLATE=utf8mb4_0900_ai_ci;
/*!40101 SET character_set_client = @saved_cs_client */;

--
-- Dumping data for table `variants`
--

LOCK TABLES `variants` WRITE;
/*!40000 ALTER TABLE `variants` DISABLE KEYS */;
INSERT INTO `variants` VALUES (1,1,'FFFFFF',1,2),(2,1,'FFFFFF',2,1),(3,1,'FFFFFF',3,2),(4,1,'DDFFBB',1,0),(5,1,'DDFFBB',2,0),(6,1,'DDFFBB',3,5),(7,1,'CCCCCC',1,8),(8,1,'CCCCCC',2,4),(9,1,'CCCCCC',3,0),(10,2,'DDFFBB',1,-2),(11,2,'DDFFBB',2,5),(12,2,'DDFFBB',3,8),(13,2,'CCCCCC',1,1),(14,2,'CCCCCC',2,5),(15,2,'CCCCCC',3,-7),(16,4,'DDFFBB',1,-6),(17,4,'DDFFBB',2,5),(18,4,'CCCCCC',1,4),(19,4,'CCCCCC',2,0),(20,4,'BB7744',1,2),(21,4,'BB7744',2,6),(22,5,'FFFFFF',1,5),(23,5,'FFFFFF',2,7),(24,5,'FFFFFF',3,1),(25,5,'DDF0FF',1,1),(26,5,'DDF0FF',2,4),(27,5,'DDF0FF',3,3),(28,6,'FFFFFF',1,10),(29,6,'FFFFFF',2,5),(30,6,'FFFFFF',3,6),(31,6,'CCCCCC',1,1),(32,6,'CCCCCC',2,2),(33,6,'CCCCCC',3,1),(34,7,'FFFFFF',1,5),(35,7,'FFFFFF',2,5),(36,7,'FFFFFF',3,5),(37,7,'DDFFBB',1,-4),(38,7,'DDFFBB',2,5),(39,7,'DDFFBB',3,5),(40,7,'CCCCCC',1,5),(41,7,'CCCCCC',2,4),(42,7,'CCCCCC',3,-4),(43,8,'334455',1,9),(44,8,'334455',2,10),(45,8,'334455',3,7),(46,9,'DDF0FF',2,7),(47,9,'DDF0FF',3,1),(48,9,'BB7744',2,3),(49,9,'BB7744',3,1),(50,10,'BB7744',2,5),(51,10,'BB7744',3,1),(52,10,'334455',2,5),(53,10,'334455',3,2),(54,11,'FFFFFF',1,1),(55,11,'FFDDDD',1,2),(56,12,'FFFFFF',1,4),(57,12,'DDF0FF',1,7),(58,13,'FFFFFF',1,0),(59,13,'FFFFFF',2,9),(60,13,'FFDDDD',1,2),(61,13,'FFDDDD',2,1),(62,14,'DDFFBB',2,1),(63,14,'DDFFBB',3,3),(64,14,'DDF0FF',2,4),(65,14,'DDF0FF',3,5),(66,15,'FFFFFF',2,3),(67,15,'FFFFFF',3,1),(68,15,'CCCCCC',2,1),(69,15,'CCCCCC',3,-5),(70,16,'FFFFFF',1,9),(71,16,'FFFFFF',2,4),(72,16,'FFFFFF',3,2),(73,16,'DDF0FF',1,0),(74,16,'DDF0FF',2,10),(75,16,'DDF0FF',3,5),(76,17,'DDF0FF',1,3),(77,17,'DDF0FF',1,5),(78,17,'DDF0FF',1,6),(79,17,'CCCCCC',2,1),(80,17,'CCCCCC',2,2),(81,17,'CCCCCC',2,3),(82,17,'334455',1,1),(83,17,'334455',2,6),(84,17,'334455',3,7);
/*!40000 ALTER TABLE `variants` ENABLE KEYS */;
UNLOCK TABLES;
/*!40103 SET TIME_ZONE=@OLD_TIME_ZONE */;

/*!40101 SET SQL_MODE=@OLD_SQL_MODE */;
/*!40014 SET FOREIGN_KEY_CHECKS=@OLD_FOREIGN_KEY_CHECKS */;
/*!40014 SET UNIQUE_CHECKS=@OLD_UNIQUE_CHECKS */;
/*!40101 SET CHARACTER_SET_CLIENT=@OLD_CHARACTER_SET_CLIENT */;
/*!40101 SET CHARACTER_SET_RESULTS=@OLD_CHARACTER_SET_RESULTS */;
/*!40101 SET COLLATION_CONNECTION=@OLD_COLLATION_CONNECTION */;
/*!40111 SET SQL_NOTES=@OLD_SQL_NOTES */;

-- Dump completed on 2024-08-11 13:52:22
